File,Time_Sec,GPU_Util,RAM_Usage_MB,Power_W,Net_Sent_Bytes,Net_Recv_Bytes,CPU_Core_0,CPU_Core_1,CPU_Core_2,CPU_Core_3,CPU_Total_Avg
EC_0179-5235-04-04-PSJ-F-04-A.wav,0.05896378299803473,0,10577,0,0,52,0.0,100.0,0.0,0.0,25.0
EC_0179-5235-04-04-PSJ-F-04-A.wav,1.127374511997914,0,10903,0,270169,8482,35.9,26.2,66.7,9.8,34.650000000000006
EC_0179-5235-04-04-PSJ-F-04-A.wav,2.1493362179899123,99,11211,0,0,476,76.7,22.8,1.0,1.0,25.375
EC_0179-5235-04-04-PSJ-F-04-A.wav,3.1719969059922732,99,11238,0,2658,2006,5.0,89.2,23.3,3.8,30.325
EC_0179-5236-04-04-PSJ-F-04-A.wav,0.05608401101198979,98,11527,0,30415,572,0.0,0.0,0.0,0.0,0.0
EC_0179-5236-04-04-PSJ-F-04-A.wav,1.1262304180127103,99,11831,0,357163,5501,35.5,15.9,80.2,8.4,35.0
EC_0179-5237-04-04-PSJ-F-04-A.wav,0.057899085979443043,99,11931,0,33125,884,0.0,0.0,0.0,0.0,0.0
EC_0179-5237-04-04-PSJ-F-04-A.wav,1.128629747981904,99,11932,0,215658,6351,16.0,11.0,15.0,66.7,27.175
EC_0179-5238-04-04-PSJ-F-04-A.wav,0.05866533500375226,93,11949,0,30283,832,0.0,0.0,0.0,0.0,0.0
EC_0179-5238-04-04-PSJ-F-04-A.wav,1.138445160991978,99,11961,0,394906,6916,15.0,37.4,33.9,11.1,24.349999999999998
EC_0179-5238-04-04-PSJ-F-04-A.wav,2.1656387349939905,92,11974,0,0,0,1.0,1.0,17.6,1.0,5.15
EC_0179-5238-04-04-PSJ-F-04-A.wav,3.190743137995014,92,11974,0,2685,1549,2.0,1.9,16.8,20.0,10.175
EC_0179-5239-04-04-PSJ-F-04-A.wav,0.065838045993587,99,11974,0,5035,104,12.1,9.2,27.0,19.4,16.924999999999997
EC_0179-5239-04-04-PSJ-F-04-A.wav,1.1443530029791873,92,11974,0,276547,14847,23.1,12.1,36.4,24.3,23.974999999999998
EC_0179-5329-04-04-PSJ-F-04-A.wav,0.06677963200490922,99,11988,0,68023,1040,0.0,0.0,0.0,0.0,0.0
EC_0179-5329-04-04-PSJ-F-04-A.wav,1.142383743019309,98,12000,0,183750,3640,11.1,8.3,9.4,32.7,15.375
EC_0179-5329-04-04-PSJ-F-04-A.wav,2.1681910960178357,0,11999,0,2820,1260,7.0,18.2,19.6,7.8,13.149999999999999
EC_0179-5330-04-04-PSJ-F-04-A.wav,0.06041487099719234,99,11999,0,87587,1300,11.1,13.6,22.4,14.5,15.399999999999999
EC_0179-5330-04-04-PSJ-F-04-A.wav,1.1312063990044408,0,11999,0,166908,4579,45.9,5.6,34.9,8.3,23.675
EC_0179-5331-04-04-PSJ-F-04-A.wav,0.07015283999498934,99,11999,0,190695,1872,15.3,12.4,24.9,14.0,16.65
EC_0179-5331-04-04-PSJ-F-04-A.wav,1.1447450230189133,91,11999,0,85782,2660,7.7,8.4,6.5,32.4,13.75
EC_0179-5331-04-04-PSJ-F-04-A.wav,2.173290380014805,0,11999,0,2690,1236,32.0,21.2,7.8,16.7,19.425
EC_0179-5332-04-04-PSJ-F-04-A.wav,0.06456303200684488,99,11999,0,87587,1144,18.3,13.8,21.8,16.0,17.475
EC_0179-5332-04-04-PSJ-F-04-A.wav,1.133796683017863,95,11999,0,207545,4018,8.6,33.6,8.5,13.1,15.950000000000001
EC_0179-5333-04-04-PSJ-F-04-A.wav,0.06764380700769834,99,12000,0,109861,1560,15.4,21.8,9.9,19.0,16.525
EC_0179-5333-04-04-PSJ-F-04-A.wav,1.141210173984291,99,12001,0,182540,3900,9.4,5.7,12.0,35.8,15.725
EC_0179-5333-04-04-PSJ-F-04-A.wav,2.1681053289794363,0,12001,0,2666,1157,19.2,9.7,15.7,8.8,13.349999999999998
EC_0179-5334-04-04-PSJ-F-04-A.wav,0.06093505799071863,99,12001,0,86199,1300,0.0,0.0,0.0,0.0,0.0
EC_0179-5334-04-04-PSJ-F-04-A.wav,1.1373353060043883,97,12003,0,183140,4212,10.3,7.3,8.3,36.1,15.5
EC_0179-5334-04-04-PSJ-F-04-A.wav,2.165176529000746,0,12003,0,2669,1163,15.8,10.2,30.0,1.9,14.475
EC_0179-5335-04-04-PSJ-F-04-A.wav,0.07574783300515264,99,12004,0,87587,1312,15.4,13.9,22.0,17.0,17.075
EC_0179-5335-04-04-PSJ-F-04-A.wav,1.1591440130141564,91,12004,0,141300,4677,10.2,32.7,9.1,6.5,14.625000000000002
EC_0179-5336-04-04-PSJ-F-04-A.wav,0.061707485001534224,99,12004,0,30283,572,0.0,0.0,0.0,0.0,0.0
EC_0179-5336-04-04-PSJ-F-04-A.wav,1.1314723630202934,91,12004,0,212806,5881,10.4,18.3,11.3,37.4,19.35
EC_0179-5337-04-04-PSJ-F-04-A.wav,0.058231551985954866,99,12023,0,86199,1248,13.3,22.2,15.5,16.6,16.9
EC_0179-5337-04-04-PSJ-F-04-A.wav,1.1306492789881304,97,12023,0,165838,3744,10.3,6.6,36.1,5.6,14.65
EC_0179-5337-04-04-PSJ-F-04-A.wav,2.15722211098182,0,12023,0,2661,1149,1.0,5.8,23.2,27.3,14.325
EC_0179-5338-04-04-PSJ-F-04-A.wav,0.0616977890022099,99,12023,0,32993,520,11.4,12.2,21.3,15.0,14.975000000000001
EC_0179-5338-04-04-PSJ-F-04-A.wav,1.1298165290209,99,12023,0,314118,7365,21.7,10.2,7.5,34.0,18.35
EC_0179-5339-04-04-PSJ-F-04-A.wav,0.06895226199412718,99,12023,0,68023,936,11.9,18.6,17.1,18.3,16.475
EC_0179-5339-04-04-PSJ-F-04-A.wav,1.1467954990221187,98,12027,0,218684,2444,13.2,37.4,13.1,6.7,17.599999999999998
EC_0179-5339-04-04-PSJ-F-04-A.wav,2.1690775380120613,97,12027,0,3897,3594,5.8,18.6,24.5,1.0,12.475000000000001
EC_0179-5339-04-04-PSJ-F-04-A.wav,3.196800833015004,0,12027,0,66,1062,2.0,2.0,9.0,0.0,3.25
EC_0179-5340-04-04-PSJ-F-04-A.wav,0.06195232999743894,99,12027,0,87587,1092,9.8,16.1,17.2,10.9,13.5
EC_0179-5340-04-04-PSJ-F-04-A.wav,1.1391488109948114,88,12029,0,141168,2080,11.0,36.1,4.7,6.5,14.575000000000001
EC_0179-5340-04-04-PSJ-F-04-A.wav,2.165938135003671,0,12029,0,2657,1147,5.9,11.8,16.7,7.8,10.55
EC_0179-5341-04-04-PSJ-F-04-A.wav,0.06159963898244314,99,12029,0,197899,1976,0.0,0.0,0.0,0.0,0.0
EC_0179-5341-04-04-PSJ-F-04-A.wav,1.1365819519851357,98,12029,0,117762,3640,10.3,8.3,18.7,21.0,14.575
EC_0179-5341-04-04-PSJ-F-04-A.wav,2.1645256420015357,0,12029,0,2810,1274,3.0,11.7,17.6,18.6,12.725
EC_0179-5342-04-04-PSJ-F-04-A.wav,0.06264679998275824,99,12031,0,84811,1092,0.0,0.0,0.0,0.0,0.0
EC_0179-5342-04-04-PSJ-F-04-A.wav,1.1339889779919758,99,12030,0,297319,7268,41.1,5.6,38.3,6.6,22.9
EC_0179-5342-04-04-PSJ-F-04-A.wav,2.158388218987966,0,12030,0,0,0,6.9,26.0,47.0,0.0,19.975
EC_0179-5343-04-04-PSJ-F-04-A.wav,0.06280152802355587,99,12031,0,91817,1456,12.7,14.8,21.2,12.8,15.375
EC_0179-5343-04-04-PSJ-F-04-A.wav,1.1360769949969836,96,12031,0,183150,2652,10.4,8.3,34.9,5.6,14.8
EC_0179-5344-04-04-PSJ-F-04-A.wav,0.0789893530018162,99,12031,0,30283,572,11.5,17.6,17.8,14.9,15.450000000000001
EC_0179-5344-04-04-PSJ-F-04-A.wav,1.1478723890031688,0,12031,0,218635,4168,12.1,10.4,47.6,36.2,26.575
EC_0179-5345-04-04-PSJ-F-04-A.wav,0.06070739799179137,99,12032,0,87587,1196,0.0,0.0,0.0,0.0,0.0
EC_0179-5345-04-04-PSJ-F-04-A.wav,1.1359191939991433,99,12031,0,280134,5148,10.3,7.5,3.8,35.8,14.35
EC_0179-5345-04-04-PSJ-F-04-A.wav,2.157910334994085,0,12031,0,4052,4762,9.9,36.9,3.9,3.9,13.649999999999999
EC_0179-5346-04-04-PSJ-F-04-A.wav,0.05818025200278498,99,12031,0,68023,1196,100.0,0.0,0.0,0.0,25.0
EC_0179-5346-04-04-PSJ-F-04-A.wav,1.1314333810005337,87,12031,0,288156,4576,8.5,34.3,8.3,9.3,15.099999999999998
EC_0179-5346-04-04-PSJ-F-04-A.wav,2.157316158001777,0,12031,0,2684,1229,3.9,24.0,34.0,8.7,17.65
EC_0179-5347-04-04-PSJ-F-04-A.wav,0.06217275798553601,99,12032,0,86265,1248,9.5,21.9,14.1,11.4,14.225
EC_0179-5347-04-04-PSJ-F-04-A.wav,1.1319521940022241,0,12046,0,174248,5300,11.2,9.3,32.7,43.9,24.275
EC_0179-5348-04-04-PSJ-F-04-A.wav,0.05958311300491914,99,12045,0,31671,572,10.5,19.4,19.0,19.5,17.1
EC_0179-5348-04-04-PSJ-F-04-A.wav,1.1329583610058762,84,12045,0,185564,3126,37.0,10.2,4.7,6.6,14.625000000000002
EC_0179-5348-04-04-PSJ-F-04-A.wav,2.1601948739844374,0,12045,0,2719,1144,12.9,14.0,18.4,7.8,13.274999999999999
EC_0179-5349-04-04-PSJ-F-04-A.wav,0.059211988002061844,99,12046,0,86199,1092,14.6,11.4,19.4,18.4,15.95
EC_0179-5349-04-04-PSJ-F-04-A.wav,1.1268827969906852,91,12046,0,261057,4719,11.1,37.7,11.3,7.5,16.900000000000002
EC_0179-5350-04-04-PSJ-F-04-A.wav,0.06803214800311252,99,12046,0,86199,1144,15.6,12.9,19.2,16.0,15.925
EC_0179-5350-04-04-PSJ-F-04-A.wav,1.1407007010129746,93,12046,0,180029,4698,14.0,30.6,51.9,11.2,26.925
EC_0179-5351-04-04-PSJ-F-04-A.wav,0.059822101989993826,99,12047,0,68023,1196,12.2,17.1,20.1,15.1,16.125
EC_0179-5351-04-04-PSJ-F-04-A.wav,1.1327101539936848,95,12047,0,369104,3952,38.3,7.5,8.3,4.7,14.7
EC_0179-5352-04-04-PSJ-F-04-A.wav,0.06699007598217577,99,12047,0,31671,572,21.3,17.8,12.9,22.7,18.675
EC_0179-5352-04-04-PSJ-F-04-A.wav,1.1424534679972567,41,12048,0,263526,6511,45.3,38.9,7.5,13.2,26.224999999999998
EC_0179-5353-04-04-PSJ-F-04-A.wav,0.0599824310047552,99,12047,0,87587,1196,16.9,18.9,19.1,15.8,17.675
EC_0179-5353-04-04-PSJ-F-04-A.wav,1.1321255459915847,96,12047,0,210574,4160,9.4,10.2,33.0,5.7,14.575000000000001
EC_0179-5353-04-04-PSJ-F-04-A.wav,2.1588645910087507,0,12047,0,2676,2087,9.8,22.8,5.9,17.2,13.925
EC_0179-5354-04-04-PSJ-F-04-A.wav,0.05953066100482829,99,12048,0,146279,1872,14.8,18.4,18.7,16.5,17.1
EC_0179-5354-04-04-PSJ-F-04-A.wav,1.1288599270046689,43,12048,0,253192,4530,11.1,34.6,27.4,9.3,20.599999999999998
EC_0179-5355-04-04-PSJ-F-04-A.wav,0.06509909199667163,99,12048,0,194991,2028,17.5,18.4,20.2,7.8,15.974999999999998
EC_0179-5355-04-04-PSJ-F-04-A.wav,1.1398160430253483,95,12048,0,143688,2964,8.3,8.4,34.6,6.5,14.450000000000001
EC_0179-5355-04-04-PSJ-F-04-A.wav,2.164107051008614,0,12048,0,2675,1218,8.0,33.7,31.2,1.0,18.475
EC_0179-5356-04-04-PSJ-F-04-A.wav,0.06145063799340278,99,12048,0,88975,1300,17.8,20.1,20.5,13.0,17.85
EC_0179-5356-04-04-PSJ-F-04-A.wav,1.1335149639926385,98,12048,0,203558,2184,7.5,7.4,35.8,8.4,14.774999999999999
EC_0179-5356-04-04-PSJ-F-04-A.wav,2.160621323972009,0,12048,0,2738,1163,6.9,11.8,28.4,3.8,12.725
EC_0179-5357-04-04-PSJ-F-04-A.wav,0.06261210900265723,99,12048,0,86199,1144,17.0,18.0,21.6,12.0,17.15
EC_0179-5357-04-04-PSJ-F-04-A.wav,1.1340874430024996,0,12047,0,151062,3436,12.0,35.8,44.9,5.7,24.599999999999998
EC_0179-5358-04-04-PSJ-F-04-A.wav,0.06159211799968034,99,12048,0,88975,1300,10.6,14.8,24.4,11.0,15.2
EC_0179-5358-04-04-PSJ-F-04-A.wav,1.1327096080058254,28,12048,0,130912,4626,11.3,35.2,43.9,8.2,24.650000000000002
EC_0179-5359-04-04-PSJ-F-04-A.wav,0.0584469550231006,99,12047,0,30283,728,9.1,19.7,29.0,14.2,18.0
EC_0179-5359-04-04-PSJ-F-04-A.wav,1.127948709006887,93,12047,0,293843,4397,34.6,9.3,37.0,6.5,21.85
EC_0179-5360-04-04-PSJ-F-04-A.wav,0.06413519999478012,99,12048,0,81893,1040,17.1,16.5,30.4,15.6,19.9
EC_0179-5360-04-04-PSJ-F-04-A.wav,1.1334197579999454,99,12048,0,166942,3370,39.0,32.4,8.5,11.2,22.775000000000002
EC_0179-5360-04-04-PSJ-F-04-A.wav,2.157863669010112,0,12048,0,0,0,3.9,40.8,17.2,15.0,19.224999999999998
EC_0179-5361-04-04-PSJ-F-04-A.wav,0.05983039000420831,99,12048,0,86199,1144,13.7,18.4,20.3,13.5,16.474999999999998
EC_0179-5361-04-04-PSJ-F-04-A.wav,1.1289581710007042,0,12048,0,162712,4006,10.4,36.4,6.7,19.4,18.225
EC_0179-5362-04-04-PSJ-F-04-A.wav,0.06206366399419494,99,12048,0,88975,1248,18.8,18.2,18.6,16.8,18.1
EC_0179-5362-04-04-PSJ-F-04-A.wav,1.1315754980023485,95,12048,0,148290,3961,42.5,7.5,36.4,6.5,23.225
EC_0179-5362-04-04-PSJ-F-04-A.wav,2.1575732520141173,0,12048,0,0,0,22.5,20.2,26.0,13.7,20.6
EC_0179-5363-04-04-PSJ-F-04-A.wav,0.06585574202472344,99,12047,0,197691,1924,17.9,14.0,20.9,14.4,16.8
EC_0179-5363-04-04-PSJ-F-04-A.wav,1.1340956340136472,92,12047,0,62773,3812,46.7,9.3,33.0,7.5,24.125
EC_0179-5364-04-04-PSJ-F-04-A.wav,0.061925223999423906,99,12048,0,44295,1040,23.4,17.5,19.6,14.5,18.75
EC_0179-5364-04-04-PSJ-F-04-A.wav,1.1442376890045125,99,12048,0,265408,3068,11.3,9.2,37.0,8.3,16.45
EC_0179-5364-04-04-PSJ-F-04-A.wav,2.1683389880054165,0,12048,0,2662,1157,28.2,25.0,7.1,2.9,15.8
EC_0179-5365-04-04-PSJ-F-04-A.wav,0.06053212398546748,99,12047,0,42907,1040,17.7,18.2,23.1,11.5,17.625
EC_0179-5365-04-04-PSJ-F-04-A.wav,1.1324865539791062,92,12047,0,234904,3548,34.0,4.7,38.3,6.5,20.875
EC_0179-5366-04-04-PSJ-F-04-A.wav,0.060629761981545016,99,12048,0,68023,1196,0.0,0.0,0.0,0.0,0.0
EC_0179-5366-04-04-PSJ-F-04-A.wav,1.1297821830085013,93,12048,0,215632,5263,10.5,5.6,57.9,6.7,20.175
EC_0179-5367-04-04-PSJ-F-04-A.wav,0.06708544000866823,99,12048,0,147601,1716,20.6,12.9,29.2,12.5,18.8
EC_0179-5367-04-04-PSJ-F-04-A.wav,1.1371528870076872,99,12048,0,211119,3558,11.2,8.5,26.6,33.6,19.975
EC_0179-5368-04-04-PSJ-F-04-A.wav,0.07407359598437324,99,12048,0,31671,572,0.0,0.0,0.0,0.0,0.0
EC_0179-5368-04-04-PSJ-F-04-A.wav,1.1462121309887152,98,12048,0,208758,3380,17.1,10.3,34.3,11.3,18.25
EC_0179-5368-04-04-PSJ-F-04-A.wav,2.170914421993075,0,12048,0,2662,1154,6.8,6.9,27.0,9.0,12.425
EC_0179-5369-04-04-PSJ-F-04-A.wav,0.060986260999925435,99,12048,0,87653,1144,19.7,12.3,27.8,15.2,18.75
EC_0179-5369-04-04-PSJ-F-04-A.wav,1.134554408985423,99,12048,0,222116,2340,9.3,37.0,7.5,4.7,14.625
EC_0179-5369-04-04-PSJ-F-04-A.wav,2.160575299989432,97,12048,0,2677,1171,4.0,10.8,8.7,24.8,12.075
EC_0179-5370-04-04-PSJ-F-04-A.wav,0.0639758959878236,99,12048,0,86331,1300,11.4,15.4,19.2,13.7,14.925
EC_0179-5370-04-04-PSJ-F-04-A.wav,1.143684058013605,95,12048,0,131102,2184,8.6,36.1,9.1,4.6,14.600000000000001
EC_0179-5370-04-04-PSJ-F-04-A.wav,2.1706524869950954,0,12048,0,2653,1566,14.6,13.0,1.0,26.7,13.825
EC_0179-5371-04-04-PSJ-F-04-A.wav,0.06185709300916642,99,12048,0,86057,1196,16.2,16.4,23.3,13.2,17.275
EC_0179-5371-04-04-PSJ-F-04-A.wav,1.138191662990721,99,12048,0,162723,3744,40.0,9.3,4.6,15.7,17.4
EC_0179-5372-04-04-PSJ-F-04-A.wav,0.07941919899894856,99,12047,0,66856,1300,14.3,15.4,21.6,16.6,16.975
EC_0179-5372-04-04-PSJ-F-04-A.wav,1.1590499480080325,99,12047,0,190941,3848,13.2,12.0,9.2,36.4,17.7
EC_0179-5372-04-04-PSJ-F-04-A.wav,2.185497612983454,0,12047,0,2664,1154,18.4,24.3,6.9,2.0,12.9
EC_0179-5373-04-04-PSJ-F-04-A.wav,0.06462101900251582,99,12048,0,87719,1196,14.8,17.6,9.6,17.2,14.8
EC_0179-5373-04-04-PSJ-F-04-A.wav,1.1387336760235485,99,12048,0,199054,2964,11.9,5.7,36.4,7.5,15.375
EC_0179-5373-04-04-PSJ-F-04-A.wav,2.164787559013348,99,12048,0,2675,1165,7.0,25.5,2.9,9.7,11.274999999999999
EC_0179-5373-04-04-PSJ-F-04-A.wav,3.1915990190173034,0,12048,0,0,0,4.9,9.2,14.9,9.5,9.625
EC_0179-5374-04-04-PSJ-F-04-A.wav,0.06319175599492155,99,12048,0,87587,1144,12.7,15.1,12.3,15.0,13.774999999999999
EC_0179-5374-04-04-PSJ-F-04-A.wav,1.137442308012396,93,12048,0,166983,3814,11.1,33.9,45.4,8.3,24.675
EC_0179-5375-04-04-PSJ-F-04-A.wav,0.0651281820028089,99,12047,0,30141,572,8.5,17.4,20.8,9.2,13.975000000000001
EC_0179-5375-04-04-PSJ-F-04-A.wav,1.1423330389952753,86,12048,0,227590,2028,11.1,34.3,7.5,6.5,14.85
EC_0179-5375-04-04-PSJ-F-04-A.wav,2.1683321979944594,0,12048,0,2653,1144,8.7,27.6,29.5,1.0,16.7
EC_0179-5376-04-04-PSJ-F-04-A.wav,0.07145146999391727,99,12048,0,30283,572,11.0,28.0,23.0,6.3,17.075
EC_0179-5376-04-04-PSJ-F-04-A.wav,1.1497687390074134,99,12048,0,360840,7488,12.0,5.5,35.8,7.4,15.174999999999999
EC_0179-5376-04-04-PSJ-F-04-A.wav,2.1750635399948806,96,12048,0,2695,1183,31.0,29.6,4.9,2.0,16.875
EC_0179-5377-04-04-PSJ-F-04-A.wav,0.06956627999898046,99,12050,0,0,0,23.5,39.5,29.1,4.2,24.075
EC_0179-5377-04-04-PSJ-F-04-A.wav,1.1505951839790214,92,12050,0,0,0,37.0,13.0,3.7,8.3,15.5
EC_0179-5377-04-04-PSJ-F-04-A.wav,2.1811524789955,97,12050,0,0,0,31.7,2.9,5.9,1.0,10.375
EC_0179-5377-04-04-PSJ-F-04-A.wav,3.2084711009811144,97,12050,0,120,120,20.4,5.9,3.8,1.0,7.7749999999999995
EC_0179-5377-04-04-PSJ-F-04-A.wav,4.237102787999902,99,12050,0,0,0,16.3,0.0,0.0,0.0,4.075
EC_0179-5377-04-04-PSJ-F-04-A.wav,5.263554642995587,97,12050,0,0,0,16.7,1.0,0.0,0.0,4.425
EC_0179-5377-04-04-PSJ-F-04-A.wav,6.291368045000127,0,12050,0,0,0,11.5,5.9,0.0,1.9,4.824999999999999
EC_0179-5378-04-04-PSJ-F-04-A.wav,0.05973140802234411,99,12053,0,120,120,14.3,15.6,17.3,11.3,14.625
EC_0179-5378-04-04-PSJ-F-04-A.wav,1.1349852770217694,98,12053,0,0,0,9.3,34.9,7.5,7.5,14.8
EC_0179-5378-04-04-PSJ-F-04-A.wav,2.1581481540051755,97,12053,0,120,120,26.9,2.0,10.8,8.7,12.100000000000001
EC_0179-5378-04-04-PSJ-F-04-A.wav,3.185903216013685,98,12053,0,0,370,1.0,1.0,0.0,12.9,3.725
EC_0179-5378-04-04-PSJ-F-04-A.wav,4.213566464022733,0,12053,0,0,0,0.0,1.9,1.0,15.4,4.575
EC_0179-5379-04-04-PSJ-F-04-A.wav,0.061747581989038736,99,12052,0,240,240,13.8,15.1,13.4,8.2,12.625
EC_0179-5379-04-04-PSJ-F-04-A.wav,1.1345753030036576,99,12052,0,0,0,36.7,8.4,7.5,8.3,15.225000000000001
EC_0179-5379-04-04-PSJ-F-04-A.wav,2.1559133119881153,88,12052,0,240,240,1.0,34.7,11.5,1.0,12.05
EC_0179-5379-04-04-PSJ-F-04-A.wav,3.182179331983207,97,12052,0,0,0,0.0,15.4,0.0,1.9,4.325
EC_0179-5379-04-04-PSJ-F-04-A.wav,4.209133901982568,97,12052,0,0,0,2.0,14.7,0.0,0.0,4.175
EC_0179-5379-04-04-PSJ-F-04-A.wav,5.235700194985839,99,12052,0,360,360,14.9,1.0,1.0,0.0,4.225
EC_0179-5379-04-04-PSJ-F-04-A.wav,6.261969190993113,0,12052,0,0,0,16.5,0.0,1.0,1.0,4.625
EC_0179-5380-04-04-PSJ-F-04-A.wav,0.06398898400948383,99,12053,0,120,120,14.5,11.6,7.9,4.7,9.675
EC_0179-5380-04-04-PSJ-F-04-A.wav,1.1376022830081638,98,12053,0,0,0,9.2,10.1,7.5,35.8,15.649999999999999
EC_0179-5380-04-04-PSJ-F-04-A.wav,2.161333446012577,97,12053,0,120,120,23.5,0.0,7.8,11.7,10.75
EC_0179-5380-04-04-PSJ-F-04-A.wav,3.1884873539966065,94,12053,0,240,240,1.9,2.9,14.6,0.0,4.85
EC_0179-5380-04-04-PSJ-F-04-A.wav,4.2156845279969275,99,12053,0,120,120,1.0,1.0,15.4,0.0,4.35
EC_0179-5380-04-04-PSJ-F-04-A.wav,5.242805603018496,0,12053,0,360,360,2.9,1.0,16.5,2.9,5.824999999999999
EC_0179-5381-04-04-PSJ-F-04-A.wav,0.06024746899493039,99,12053,0,120,120,0.0,0.0,100.0,0.0,25.0
EC_0179-5381-04-04-PSJ-F-04-A.wav,1.1323487810150255,99,12053,0,120,120,6.6,8.4,25.2,17.0,14.3
EC_0179-5381-04-04-PSJ-F-04-A.wav,2.1547710400191136,98,12053,0,240,240,31.4,0.0,9.8,8.8,12.5
EC_0179-5381-04-04-PSJ-F-04-A.wav,3.179890052997507,98,12053,0,240,240,2.9,1.0,15.4,1.0,5.075
EC_0179-5381-04-04-PSJ-F-04-A.wav,4.2078650610055774,97,12053,0,240,240,1.0,0.0,13.9,1.9,4.2
EC_0179-5381-04-04-PSJ-F-04-A.wav,5.234897585993167,18,12053,0,240,240,4.9,11.4,2.9,1.9,5.2749999999999995
EC_0179-5382-04-04-PSJ-F-04-A.wav,0.2820852289733011,99,12055,0,120,120,0.0,0.0,0.0,0.0,0.0
EC_0179-5382-04-04-PSJ-F-04-A.wav,1.2822945349907968,95,12055,0,360,360,5.1,9.1,18.4,7.1,9.924999999999999
EC_0179-5382-04-04-PSJ-F-04-A.wav,2.2824869439937174,99,12055,0,120,120,35.0,11.1,2.0,9.0,14.275
EC_0179-5382-04-04-PSJ-F-04-A.wav,3.282644086983055,97,12055,0,240,240,2.0,0.0,0.0,13.0,3.75
EC_0179-5382-04-04-PSJ-F-04-A.wav,4.282803085981868,97,12055,0,240,240,3.0,1.0,2.0,17.6,5.9
EC_0179-5382-04-04-PSJ-F-04-A.wav,5.282934115995886,98,12055,0,240,240,2.0,0.0,1.0,12.4,3.85
EC_0179-5382-04-04-PSJ-F-04-A.wav,6.3065749679808505,0,12055,0,240,240,2.0,1.9,0.0,15.7,4.8999999999999995
EC_0179-5383-04-04-PSJ-F-04-A.wav,0.06281615199986845,99,12055,0,120,120,0.0,0.0,0.0,0.0,0.0
EC_0179-5383-04-04-PSJ-F-04-A.wav,1.1377041109954007,98,12054,0,120,490,6.5,9.2,26.6,21.8,16.025
EC_0179-5383-04-04-PSJ-F-04-A.wav,2.1598268319794443,98,12054,0,360,360,2.9,11.8,27.5,8.9,12.775
EC_0179-5383-04-04-PSJ-F-04-A.wav,3.1862409219902474,99,12054,0,240,240,1.0,1.0,1.9,14.6,4.625
EC_0179-5383-04-04-PSJ-F-04-A.wav,4.213369067001622,97,12054,0,120,120,1.0,1.9,1.0,14.7,4.6499999999999995
EC_0179-5383-04-04-PSJ-F-04-A.wav,5.240893521986436,97,12054,0,240,240,1.0,1.0,1.0,15.4,4.6
EC_0179-5383-04-04-PSJ-F-04-A.wav,6.267442115989979,87,12054,0,120,120,0.0,1.0,2.9,14.7,4.6499999999999995
EC_0179-5383-04-04-PSJ-F-04-A.wav,7.294489680003608,0,12054,0,120,120,2.9,0.0,1.0,14.7,4.6499999999999995
EC_0179-5384-04-04-PSJ-F-04-A.wav,0.061620246997335926,99,12054,0,120,120,10.4,9.1,10.3,7.6,9.35
EC_0179-5384-04-04-PSJ-F-04-A.wav,1.1362901129759848,99,12054,0,0,0,10.2,8.4,33.6,6.5,14.675
EC_0179-5384-04-04-PSJ-F-04-A.wav,2.1612626209971495,98,12054,0,480,480,12.1,24.3,8.8,2.0,11.8
EC_0179-5384-04-04-PSJ-F-04-A.wav,3.1882783429755364,94,12054,0,0,0,3.8,1.0,14.4,1.0,5.05
EC_0179-5384-04-04-PSJ-F-04-A.wav,4.214306907990249,97,12054,0,240,240,1.9,1.9,14.0,0.0,4.45
EC_0179-5384-04-04-PSJ-F-04-A.wav,5.241912582976511,97,12054,0,120,276,2.0,1.0,14.6,1.0,4.65
EC_0179-5384-04-04-PSJ-F-04-A.wav,6.2691457249748055,0,12054,0,240,864,1.0,1.9,16.3,1.9,5.2749999999999995
EC_0179-5385-04-04-PSJ-F-04-A.wav,0.061539026006357744,99,12056,0,120,120,7.3,5.6,9.6,7.9,7.6
EC_0179-5385-04-04-PSJ-F-04-A.wav,1.136113495012978,98,12056,0,120,120,28.7,15.9,10.1,7.5,15.55
EC_0179-5385-04-04-PSJ-F-04-A.wav,2.157731003011577,97,12056,0,240,1044,25.7,8.8,7.8,0.0,10.575
EC_0179-5385-04-04-PSJ-F-04-A.wav,3.183801586012123,91,12056,0,240,240,2.0,17.3,1.9,1.9,5.7749999999999995
EC_0179-5385-04-04-PSJ-F-04-A.wav,4.211310615006369,97,12056,0,0,0,2.9,14.0,0.0,0.0,4.225
EC_0179-5385-04-04-PSJ-F-04-A.wav,5.2391795350122266,97,12056,0,240,240,4.0,14.7,0.0,0.0,4.675
EC_0179-5385-04-04-PSJ-F-04-A.wav,6.26921650901204,0,12056,0,240,240,1.0,14.7,0.0,2.9,4.6499999999999995
EC_0179-5386-04-04-PSJ-F-04-A.wav,0.061198976007290184,99,12056,0,120,120,7.3,5.7,9.6,7.7,7.575
EC_0179-5386-04-04-PSJ-F-04-A.wav,1.134619749005651,98,12056,0,240,240,9.4,8.4,5.6,35.8,14.799999999999999
EC_0179-5386-04-04-PSJ-F-04-A.wav,2.157443531003082,97,12056,0,120,120,21.6,4.9,17.6,1.9,11.5
EC_0179-5386-04-04-PSJ-F-04-A.wav,3.1834984960150905,97,12056,0,240,240,2.0,1.9,16.2,0.0,5.0249999999999995
EC_0179-5386-04-04-PSJ-F-04-A.wav,4.209566517994972,97,12056,0,120,120,1.9,1.9,16.3,1.0,5.275
EC_0179-5386-04-04-PSJ-F-04-A.wav,5.235780628019711,97,12056,0,240,1178,2.9,0.0,13.9,0.0,4.2
EC_0179-5386-04-04-PSJ-F-04-A.wav,6.262207004998345,0,12056,0,120,120,1.0,1.0,12.7,1.0,3.925
EC_0179-5387-04-04-PSJ-F-04-A.wav,0.061875940999016166,99,12056,0,120,120,7.2,5.6,9.7,7.4,7.475
EC_0179-5387-04-04-PSJ-F-04-A.wav,1.1331467409909237,98,12055,0,120,120,36.4,10.1,6.6,9.3,15.600000000000001
EC_0179-5387-04-04-PSJ-F-04-A.wav,2.1549122239812277,86,12055,0,240,240,11.8,24.0,12.5,0.0,12.075
EC_0179-5387-04-04-PSJ-F-04-A.wav,3.1818649339838885,97,12055,0,240,240,16.5,3.8,0.0,0.0,5.075
EC_0179-5387-04-04-PSJ-F-04-A.wav,4.209324966999702,97,12055,0,120,120,10.9,1.0,3.9,0.0,3.95
EC_0179-5387-04-04-PSJ-F-04-A.wav,5.236384497984545,98,12055,0,240,240,3.9,1.0,13.7,0.0,4.65
EC_0179-5387-04-04-PSJ-F-04-A.wav,6.2631983519822825,97,12055,0,0,0,0.0,1.9,14.7,0.0,4.1499999999999995
EC_0179-5387-04-04-PSJ-F-04-A.wav,7.289985099982005,0,12055,0,360,360,2.9,1.0,14.7,1.0,4.8999999999999995
EC_0179-5388-04-04-PSJ-F-04-A.wav,0.0635110379953403,99,12055,0,120,120,12.5,11.9,14.6,9.2,12.05
EC_0179-5388-04-04-PSJ-F-04-A.wav,1.135872359998757,96,12055,0,120,120,39.3,4.7,8.4,7.5,14.975
EC_0179-5388-04-04-PSJ-F-04-A.wav,2.1614071679941844,97,12055,0,240,240,3.0,31.0,9.6,0.0,10.9
EC_0179-5388-04-04-PSJ-F-04-A.wav,3.1883666619833093,97,12055,0,240,240,2.0,20.4,3.9,1.0,6.824999999999999
EC_0179-5388-04-04-PSJ-F-04-A.wav,4.214556864986662,99,12055,0,120,120,1.0,18.9,1.0,1.9,5.699999999999999
EC_0179-5388-04-04-PSJ-F-04-A.wav,5.2412120859953575,97,12055,0,240,240,2.9,14.7,0.0,1.0,4.6499999999999995
EC_0179-5388-04-04-PSJ-F-04-A.wav,6.267518262990052,0,12055,0,120,120,3.8,14.7,0.0,0.0,4.625
EC_0179-5389-04-04-PSJ-F-04-A.wav,0.06563153699971735,99,12055,0,120,120,8.3,7.2,8.6,6.2,7.575
EC_0179-5389-04-04-PSJ-F-04-A.wav,1.1414463910041377,98,12055,0,195,195,28.7,16.2,7.5,9.2,15.399999999999999
EC_0179-5389-04-04-PSJ-F-04-A.wav,2.1645186640089378,97,12055,0,240,240,2.0,23.8,9.8,9.7,11.325
EC_0179-5389-04-04-PSJ-F-04-A.wav,3.191118554008426,99,12055,0,120,120,1.0,1.0,1.0,15.4,4.6
EC_0179-5389-04-04-PSJ-F-04-A.wav,4.216509321006015,97,12055,0,120,120,1.0,1.0,1.9,15.5,4.85
EC_0179-5389-04-04-PSJ-F-04-A.wav,5.242776839993894,97,12055,0,120,120,2.9,0.0,1.0,13.7,4.3999999999999995
EC_0179-5389-04-04-PSJ-F-04-A.wav,6.269343446998391,0,12055,0,435,435,2.9,1.9,1.9,16.2,5.725
EC_0179-5390-04-04-PSJ-F-04-A.wav,0.06024535599863157,99,12055,0,120,120,8.4,10.4,4.8,6.7,7.575
EC_0179-5390-04-04-PSJ-F-04-A.wav,1.136864925007103,93,12055,0,240,240,10.2,35.8,10.0,7.6,15.9
EC_0179-5390-04-04-PSJ-F-04-A.wav,2.162284396996256,97,12057,0,0,0,1.0,30.4,7.8,1.9,10.274999999999999
EC_0179-5390-04-04-PSJ-F-04-A.wav,3.1856390860048123,98,12057,0,435,435,11.0,31.1,14.6,6.9,15.9
EC_0179-5390-04-04-PSJ-F-04-A.wav,4.212006513989763,97,12057,0,195,195,14.0,0.0,1.0,1.9,4.225
EC_0179-5390-04-04-PSJ-F-04-A.wav,5.239181442011613,86,12057,0,240,240,16.5,1.0,1.0,1.9,5.1
EC_0179-5390-04-04-PSJ-F-04-A.wav,6.268068846984534,0,12057,0,195,195,15.4,2.9,1.0,0.0,4.825
EC_0179-5391-04-04-PSJ-F-04-A.wav,0.061060760024702176,99,12056,0,120,120,9.8,10.3,6.4,4.9,7.85
EC_0179-5391-04-04-PSJ-F-04-A.wav,1.1350827470014337,98,12056,0,195,195,8.6,5.6,36.2,7.5,14.475000000000001
EC_0179-5391-04-04-PSJ-F-04-A.wav,2.1586786320258398,97,12056,0,315,315,3.9,24.8,12.6,7.9,12.299999999999999
EC_0179-5391-04-04-PSJ-F-04-A.wav,3.185770867014071,88,12056,0,315,315,1.0,1.0,1.9,12.9,4.2
EC_0179-5391-04-04-PSJ-F-04-A.wav,4.21291529701557,98,12056,0,195,195,0.0,1.9,12.7,2.9,4.375
EC_0179-5391-04-04-PSJ-F-04-A.wav,5.239965097018285,97,12056,0,120,120,2.9,1.0,16.3,2.9,5.7749999999999995
EC_0179-5391-04-04-PSJ-F-04-A.wav,6.26632062002318,0,12055,0,120,120,2.9,1.0,13.7,1.0,4.6499999999999995
EC_0179-5392-04-04-PSJ-F-04-A.wav,0.06078288902062923,99,12056,0,120,120,8.1,10.7,10.3,5.0,8.524999999999999
EC_0179-5392-04-04-PSJ-F-04-A.wav,1.1385241179959849,99,12055,0,195,195,22.4,24.1,8.3,6.6,15.35
EC_0179-5392-04-04-PSJ-F-04-A.wav,2.160836124996422,97,12055,0,240,240,19.2,20.0,10.0,2.0,12.8
EC_0179-5392-04-04-PSJ-F-04-A.wav,3.188393665011972,97,12055,0,240,240,16.3,1.9,1.9,1.0,5.2749999999999995
EC_0179-5392-04-04-PSJ-F-04-A.wav,4.215690678014653,86,12055,0,195,195,9.8,7.7,1.0,0.0,4.625
EC_0179-5392-04-04-PSJ-F-04-A.wav,5.241823884018231,0,12055,0,240,240,1.0,15.8,1.0,0.0,4.45
EC_0179-5393-04-04-PSJ-F-04-A.wav,0.06226325800525956,99,12056,0,120,120,8.7,9.5,10.2,4.8,8.299999999999999
EC_0179-5393-04-04-PSJ-F-04-A.wav,1.1408607570047025,98,12056,0,240,240,11.9,33.0,9.2,7.5,15.399999999999999
EC_0179-5393-04-04-PSJ-F-04-A.wav,2.1664120749919675,97,12056,0,315,315,3.0,19.6,17.6,1.0,10.3
EC_0179-5393-04-04-PSJ-F-04-A.wav,3.193178690999048,98,12056,0,120,120,1.0,1.9,14.6,1.0,4.625
EC_0179-5393-04-04-PSJ-F-04-A.wav,4.218962565995753,99,12056,0,240,240,5.9,0.0,14.7,0.0,5.15
EC_0179-5393-04-04-PSJ-F-04-A.wav,5.245798210002249,97,12056,0,120,120,2.0,2.9,16.3,0.0,5.300000000000001
EC_0179-5393-04-04-PSJ-F-04-A.wav,6.27223418399808,0,12056,0,240,240,2.9,1.0,12.7,0.0,4.1499999999999995
EC_0179-5394-04-04-PSJ-F-04-A.wav,0.05999318201793358,99,12056,0,120,120,9.3,11.1,9.3,3.2,8.225
EC_0179-5394-04-04-PSJ-F-04-A.wav,1.1355463229992893,99,12056,0,240,240,28.0,19.1,7.4,7.5,15.5
EC_0179-5394-04-04-PSJ-F-04-A.wav,2.15726892100065,98,12056,0,240,240,28.7,8.0,11.7,2.0,12.600000000000001
EC_0179-5394-04-04-PSJ-F-04-A.wav,3.183916970010614,97,12056,0,240,240,2.0,15.4,1.0,0.0,4.6
EC_0179-5394-04-04-PSJ-F-04-A.wav,4.21133879001718,98,12056,0,120,120,1.0,16.3,0.0,1.9,4.8
EC_0179-5394-04-04-PSJ-F-04-A.wav,5.237101383012487,99,12056,0,240,240,2.0,15.5,0.0,1.0,4.625
EC_0179-5394-04-04-PSJ-F-04-A.wav,6.265056286996696,0,12056,0,195,195,2.0,16.3,2.9,0.0,5.3
EC_0179-5395-04-04-PSJ-F-04-A.wav,0.06355910398997366,99,12056,0,120,120,8.7,10.5,8.2,4.8,8.049999999999999
EC_0179-5395-04-04-PSJ-F-04-A.wav,1.1388816079997923,98,12056,0,240,610,7.4,8.4,36.1,8.4,15.075000000000001
EC_0179-5395-04-04-PSJ-F-04-A.wav,2.162437296996359,97,12056,0,120,120,29.7,0.0,11.9,1.9,10.875
EC_0179-5395-04-04-PSJ-F-04-A.wav,3.1896122859907337,87,12056,0,435,435,16.2,3.9,1.0,1.0,5.5249999999999995
EC_0179-5395-04-04-PSJ-F-04-A.wav,4.216439096984686,98,12056,0,0,0,1.0,15.4,1.0,1.0,4.6
EC_0179-5395-04-04-PSJ-F-04-A.wav,5.242677331989398,0,12056,0,240,240,1.0,16.3,1.0,1.0,4.825
EC_0179-5396-04-04-PSJ-F-04-A.wav,0.06115241299266927,99,12056,0,120,120,8.9,9.7,8.5,4.3,7.8500000000000005
EC_0179-5396-04-04-PSJ-F-04-A.wav,1.1326792869949713,99,12056,0,360,360,9.5,4.7,27.1,17.1,14.6
EC_0179-5396-04-04-PSJ-F-04-A.wav,2.15493893699022,98,12056,0,360,360,4.9,4.9,12.7,26.0,12.125
EC_0179-5396-04-04-PSJ-F-04-A.wav,3.1801450829952955,99,12056,0,0,0,2.9,0.0,13.7,0.0,4.1499999999999995
EC_0179-5396-04-04-PSJ-F-04-A.wav,4.206518171995413,97,12056,0,240,2636,2.0,1.0,13.9,1.9,4.699999999999999
EC_0179-5396-04-04-PSJ-F-04-A.wav,5.233562242006883,98,12056,0,120,6114,4.8,1.0,15.2,1.0,5.5
EC_0179-5396-04-04-PSJ-F-04-A.wav,6.259839295002166,0,12056,0,240,2636,2.9,1.0,14.0,0.0,4.475
EC_0179-5397-04-04-PSJ-F-04-A.wav,0.07500532700214535,99,12057,0,120,120,8.7,9.3,8.6,4.5,7.775
EC_0179-5397-04-04-PSJ-F-04-A.wav,1.1499157109938096,98,12056,0,120,3858,10.3,38.0,9.2,4.7,15.55
EC_0179-5397-04-04-PSJ-F-04-A.wav,2.1715043479925953,88,12056,0,240,1814,9.9,21.8,8.9,7.9,12.125
EC_0179-5397-04-04-PSJ-F-04-A.wav,3.1966950689966325,97,12056,0,240,6730,2.9,2.9,1.0,15.5,5.575
EC_0179-5397-04-04-PSJ-F-04-A.wav,4.223186820978299,97,12056,0,120,2562,2.9,0.0,0.0,15.5,4.6
EC_0179-5397-04-04-PSJ-F-04-A.wav,5.249419581989059,88,12056,0,240,722,1.9,1.9,1.0,13.7,4.625
EC_0179-5397-04-04-PSJ-F-04-A.wav,6.275363944005221,0,12056,0,120,3214,2.0,1.0,1.0,14.7,4.675
EC_0179-5398-04-04-PSJ-F-04-A.wav,0.062446499010547996,99,12056,0,120,120,7.9,8.5,8.6,5.8,7.7
EC_0179-5398-04-04-PSJ-F-04-A.wav,1.1391019700095057,98,12056,0,240,240,6.6,8.4,17.9,26.6,14.875
EC_0179-5398-04-04-PSJ-F-04-A.wav,2.1630102210037876,97,12056,0,120,2832,21.6,0.0,18.4,0.0,10.0
EC_0179-5398-04-04-PSJ-F-04-A.wav,3.1894733629887924,98,12056,0,360,360,2.9,1.0,12.9,1.0,4.45
EC_0179-5398-04-04-PSJ-F-04-A.wav,4.216615068988176,99,12056,0,0,0,1.9,1.9,14.7,0.0,4.625
EC_0179-5398-04-04-PSJ-F-04-A.wav,5.244428108009743,97,12056,0,240,240,1.0,5.8,5.9,5.7,4.6
EC_0179-5398-04-04-PSJ-F-04-A.wav,6.270802029001061,0,12056,0,120,120,16.3,1.0,1.0,1.0,4.825
EC_0179-5399-04-04-PSJ-F-04-A.wav,0.06366438898839988,99,12056,0,120,120,7.3,8.2,9.3,5.3,7.525
EC_0179-5399-04-04-PSJ-F-04-A.wav,1.1379394099931233,84,12055,0,120,818,6.6,9.3,37.0,9.3,15.55
EC_0179-5399-04-04-PSJ-F-04-A.wav,2.1641156880068593,97,12059,0,195,195,4.9,33.3,7.8,1.9,11.974999999999998
EC_0179-5399-04-04-PSJ-F-04-A.wav,3.1908936300023925,97,12059,0,360,730,3.9,1.0,5.8,20.6,7.825
EC_0179-5399-04-04-PSJ-F-04-A.wav,4.217470761999721,87,12059,0,0,0,1.9,1.0,1.9,15.5,5.075
EC_0179-5399-04-04-PSJ-F-04-A.wav,5.243178534001345,97,12059,0,360,360,2.0,0.0,1.0,16.5,4.875
EC_0179-5399-04-04-PSJ-F-04-A.wav,6.270599454990588,0,12059,0,0,0,2.9,1.0,0.0,12.7,4.1499999999999995
EC_0179-5400-04-04-PSJ-F-04-A.wav,0.06258519500261173,99,12074,0,120,120,7.3,7.7,8.7,6.9,7.65
EC_0179-5400-04-04-PSJ-F-04-A.wav,1.1356711910048034,99,12074,0,120,120,10.4,5.6,9.3,35.8,15.274999999999999
EC_0179-5400-04-04-PSJ-F-04-A.wav,2.157362807978643,97,12074,0,240,240,3.0,36.6,10.8,1.0,12.850000000000001
EC_0179-5400-04-04-PSJ-F-04-A.wav,3.1834820579970255,97,12074,0,240,240,1.0,12.7,1.0,1.0,3.925
EC_0179-5400-04-04-PSJ-F-04-A.wav,4.208985625999048,86,12074,0,0,0,2.9,12.9,1.0,1.0,4.45
EC_0179-5400-04-04-PSJ-F-04-A.wav,5.237272066005971,98,12074,0,360,360,1.0,15.8,2.9,0.0,4.925
EC_0179-5400-04-04-PSJ-F-04-A.wav,6.263998420996359,0,12074,0,120,120,1.0,16.3,0.0,0.0,4.325
EC_0179-5401-04-04-PSJ-F-04-A.wav,0.07380769299925305,99,12075,0,120,120,6.3,7.9,8.5,7.7,7.6
EC_0179-5401-04-04-PSJ-F-04-A.wav,1.1473107679921668,98,12075,0,240,240,9.5,32.7,8.3,7.5,14.5
EC_0179-5401-04-04-PSJ-F-04-A.wav,2.1698778879945166,97,12075,0,120,120,8.9,18.3,9.8,1.9,9.725
EC_0179-5401-04-04-PSJ-F-04-A.wav,3.196401799999876,87,12075,0,240,504,2.0,14.0,1.0,1.0,4.5
EC_0179-5401-04-04-PSJ-F-04-A.wav,4.22316623601364,98,12075,0,120,882,2.9,15.7,0.0,0.0,4.6499999999999995
EC_0179-5401-04-04-PSJ-F-04-A.wav,5.250211328006117,0,12075,0,240,630,2.9,16.5,0.0,0.0,4.85
EC_0179-5402-04-04-PSJ-F-04-A.wav,0.06329124901094474,99,12074,0,120,120,5.4,14.8,3.9,5.6,7.425000000000001
EC_0179-5402-04-04-PSJ-F-04-A.wav,1.1363309379958082,99,12074,0,240,240,7.6,34.0,7.5,9.3,14.600000000000001
EC_0179-5402-04-04-PSJ-F-04-A.wav,2.1580531159997918,98,12074,0,360,360,17.8,12.7,6.9,7.8,11.299999999999999
EC_0179-5402-04-04-PSJ-F-04-A.wav,3.2896113469905686,87,12074,0,120,726,16.8,1.8,0.0,0.9,4.875
EC_0179-5402-04-04-PSJ-F-04-A.wav,4.315616253996268,97,12074,0,240,582,20.6,1.9,1.9,1.0,6.35
EC_0179-5402-04-04-PSJ-F-04-A.wav,5.342619422997814,98,12074,0,240,318,14.9,1.0,0.0,0.0,3.975
EC_0179-5402-04-04-PSJ-F-04-A.wav,6.368765905004693,0,12074,0,120,818,18.1,0.0,0.0,0.0,4.525
EC_0179-5403-04-04-PSJ-F-04-A.wav,0.06265790300676599,99,12074,0,120,120,10.7,11.6,3.2,4.1,7.399999999999999
EC_0179-5403-04-04-PSJ-F-04-A.wav,1.1362084349966608,98,12074,0,120,120,37.7,5.6,7.5,6.6,14.350000000000001
EC_0179-5403-04-04-PSJ-F-04-A.wav,2.1583664439967833,95,12074,0,240,240,29.4,9.8,2.0,10.0,12.8
EC_0179-5403-04-04-PSJ-F-04-A.wav,3.185248742986005,99,12074,0,240,884,2.0,15.4,0.0,1.0,4.6
EC_0179-5403-04-04-PSJ-F-04-A.wav,4.211742891988251,97,12074,0,120,490,1.0,15.5,1.9,0.0,4.6
EC_0179-5403-04-04-PSJ-F-04-A.wav,5.238419386994792,0,12074,0,366,366,3.8,14.7,1.0,1.0,5.125
EC_0179-5404-04-04-PSJ-F-04-A.wav,0.06349321201560088,99,12075,0,120,120,7.7,9.4,6.5,6.8,7.6000000000000005
EC_0179-5404-04-04-PSJ-F-04-A.wav,1.1368857189954724,98,12075,0,240,4288,6.5,9.3,36.4,9.3,15.375
EC_0179-5404-04-04-PSJ-F-04-A.wav,2.1585660699929576,97,12075,0,360,5198,9.8,22.0,10.8,1.0,10.9
EC_0179-5404-04-04-PSJ-F-04-A.wav,3.1843169780040625,87,12075,0,126,608,18.3,0.0,1.0,1.0,5.075
EC_0179-5404-04-04-PSJ-F-04-A.wav,4.210550665011397,97,12075,0,360,3454,15.8,2.9,2.9,1.9,5.874999999999999
EC_0179-5404-04-04-PSJ-F-04-A.wav,5.238828783010831,97,12075,0,120,120,14.9,1.0,0.0,0.0,3.975
EC_0179-5404-04-04-PSJ-F-04-A.wav,6.265358581003966,0,12075,0,240,240,14.7,1.9,1.0,1.0,4.6499999999999995
EC_0179-5405-04-04-PSJ-F-04-A.wav,0.06561447898275219,99,12075,0,120,120,8.8,9.6,5.7,6.3,7.6
EC_0179-5405-04-04-PSJ-F-04-A.wav,1.1419130959839094,99,12075,0,240,396,10.5,33.0,8.3,9.3,15.274999999999999
EC_0179-5405-04-04-PSJ-F-04-A.wav,2.164116642990848,93,12075,0,360,360,6.7,9.7,11.8,23.0,12.8
EC_0179-5405-04-04-PSJ-F-04-A.wav,3.1918319139804225,99,12075,0,120,120,1.0,12.9,1.9,0.0,3.95
EC_0179-5405-04-04-PSJ-F-04-A.wav,4.21951531097875,97,12075,0,120,120,6.0,7.8,1.0,1.0,3.95
EC_0179-5405-04-04-PSJ-F-04-A.wav,5.247671533987159,98,12075,0,240,240,13.9,1.9,1.9,1.9,4.8999999999999995
EC_0179-5405-04-04-PSJ-F-04-A.wav,6.274174386984669,0,12075,0,120,818,16.7,1.0,1.0,0.0,4.675
EC_0179-5406-04-04-PSJ-F-04-A.wav,0.06337445401004516,99,12075,0,120,120,9.2,9.7,5.7,5.7,7.574999999999999
EC_0179-5406-04-04-PSJ-F-04-A.wav,1.137281804025406,96,12075,0,240,240,29.0,18.9,6.7,5.5,15.025
EC_0179-5406-04-04-PSJ-F-04-A.wav,2.1620323050010484,97,12075,0,0,0,2.0,1.0,30.4,7.8,10.299999999999999
EC_0179-5406-04-04-PSJ-F-04-A.wav,3.189248573005898,97,12075,0,480,480,2.9,20.0,1.0,4.0,6.975
EC_0179-5406-04-04-PSJ-F-04-A.wav,4.215945356001612,85,12075,0,0,0,2.0,13.6,0.0,0.0,3.9
EC_0179-5406-04-04-PSJ-F-04-A.wav,5.242568823014153,0,12075,0,240,240,1.9,16.7,1.9,1.9,5.599999999999999
EC_0179-5407-04-04-PSJ-F-04-A.wav,0.0618356819904875,99,12077,0,120,120,9.1,11.0,5.2,5.6,7.725
EC_0179-5407-04-04-PSJ-F-04-A.wav,1.13658246898558,99,12077,0,360,360,10.3,8.5,34.0,6.6,14.85
EC_0179-5407-04-04-PSJ-F-04-A.wav,2.1591007210081443,88,12077,0,240,884,9.6,1.9,30.4,14.4,14.075
EC_0179-5407-04-04-PSJ-F-04-A.wav,3.1857129230047576,97,12077,0,120,120,1.0,0.0,0.0,17.0,4.5
EC_0179-5407-04-04-PSJ-F-04-A.wav,4.212620981008513,0,12077,0,240,240,1.9,0.0,1.0,15.0,4.475
EC_0179-5408-04-04-PSJ-F-04-A.wav,0.0630118100089021,99,12076,0,120,1282,10.7,9.2,6.2,5.3,7.85
EC_0179-5408-04-04-PSJ-F-04-A.wav,1.1366619290201925,99,12076,0,120,3722,38.9,8.5,3.8,8.3,14.875
EC_0179-5408-04-04-PSJ-F-04-A.wav,2.158956136001507,97,12076,0,480,3358,4.0,25.2,19.4,2.0,12.649999999999999
EC_0179-5408-04-04-PSJ-F-04-A.wav,3.1856224210059736,99,12076,0,0,0,1.0,1.0,13.6,0.0,3.9
EC_0179-5408-04-04-PSJ-F-04-A.wav,4.211740836006356,97,12076,0,195,3289,0.0,2.9,14.7,1.9,4.874999999999999
EC_0179-5408-04-04-PSJ-F-04-A.wav,5.239380037994124,98,12076,0,360,880,3.8,1.0,15.4,0.0,5.05
EC_0179-5408-04-04-PSJ-F-04-A.wav,6.265514644997893,0,12076,0,120,3352,2.0,3.8,15.5,2.0,5.825
EC_0179-5409-04-04-PSJ-F-04-A.wav,0.06284552899887785,99,12090,0,120,120,0.0,0.0,0.0,0.0,0.0
EC_0179-5409-04-04-PSJ-F-04-A.wav,1.1359202559979167,99,12090,0,0,0,10.3,5.6,7.5,37.0,15.1
EC_0179-5409-04-04-PSJ-F-04-A.wav,2.1578416749835014,99,12090,0,315,323,35.0,2.9,7.9,5.0,12.7
EC_0179-5409-04-04-PSJ-F-04-A.wav,3.187224363005953,97,12090,0,360,3412,14.9,3.9,1.0,0.0,4.95
EC_0179-5409-04-04-PSJ-F-04-A.wav,4.213382652000291,97,12090,0,0,566,13.0,0.0,1.0,1.0,3.75
EC_0179-5409-04-04-PSJ-F-04-A.wav,5.2397141979890876,0,12090,0,480,1224,15.7,3.9,1.0,1.0,5.3999999999999995
EC_0179-5410-04-04-PSJ-F-04-A.wav,0.2689735050080344,99,12091,0,120,120,10.0,8.3,8.3,5.7,8.075000000000001
EC_0179-5410-04-04-PSJ-F-04-A.wav,1.2692088799958583,98,12092,0,240,240,6.0,19.8,8.0,8.0,10.45
EC_0179-5410-04-04-PSJ-F-04-A.wav,2.269398075994104,99,12092,0,360,360,1.0,24.5,2.0,19.4,11.725
EC_0179-5410-04-04-PSJ-F-04-A.wav,3.2695864730048925,97,12092,0,120,120,1.0,1.0,0.0,13.3,3.825
EC_0179-5410-04-04-PSJ-F-04-A.wav,4.269756340014283,98,12092,0,240,240,2.0,1.0,2.0,15.2,5.05
EC_0179-5410-04-04-PSJ-F-04-A.wav,5.2698905570141505,0,12092,0,240,240,5.0,2.0,1.0,14.9,5.725
EC_0179-5411-04-04-PSJ-F-04-A.wav,0.061799711984349415,99,12091,0,120,120,0.0,0.0,0.0,0.0,0.0
EC_0179-5411-04-04-PSJ-F-04-A.wav,1.1358107139822096,98,12091,0,240,240,10.2,5.7,36.2,7.5,14.9
EC_0179-5411-04-04-PSJ-F-04-A.wav,2.1580666459922213,97,12091,0,240,240,2.0,24.8,2.0,18.6,11.850000000000001
EC_0179-5411-04-04-PSJ-F-04-A.wav,3.1855417740007397,99,12091,0,240,240,1.0,2.9,1.0,12.7,4.4
EC_0179-5411-04-04-PSJ-F-04-A.wav,4.2129131839901675,97,12091,0,240,240,1.0,2.9,3.8,13.9,5.4
EC_0179-5411-04-04-PSJ-F-04-A.wav,5.2388143700081855,98,12091,0,240,240,3.8,0.0,1.0,15.4,5.05
EC_0179-5411-04-04-PSJ-F-04-A.wav,6.264883853000356,0,12091,0,120,120,3.8,0.0,1.0,14.7,4.875
EC_0179-5412-04-04-PSJ-F-04-A.wav,0.061373544012894854,99,12091,0,120,120,8.3,6.8,7.1,9.2,7.8500000000000005
EC_0179-5412-04-04-PSJ-F-04-A.wav,1.1354864400054794,98,12091,0,120,120,22.6,21.7,6.5,7.5,14.575
EC_0179-5412-04-04-PSJ-F-04-A.wav,2.157990673003951,97,12091,0,360,360,3.0,24.5,2.0,18.0,11.875
EC_0179-5412-04-04-PSJ-F-04-A.wav,3.185112756997114,88,12091,0,120,120,1.0,1.0,0.0,14.6,4.15
EC_0179-5412-04-04-PSJ-F-04-A.wav,4.211356169020291,0,12091,0,240,610,2.0,2.0,1.9,12.9,4.7
EC_0179-5413-04-04-PSJ-F-04-A.wav,0.06332152299000882,99,12092,0,120,120,6.0,7.5,5.6,12.9,8.0
EC_0179-5413-04-04-PSJ-F-04-A.wav,1.1351357960083988,98,12092,0,120,120,11.9,5.6,35.8,7.4,15.174999999999999
EC_0179-5413-04-04-PSJ-F-04-A.wav,2.157848008995643,98,12092,0,240,240,2.9,28.8,1.9,17.8,12.850000000000001
EC_0179-5413-04-04-PSJ-F-04-A.wav,3.1845967280096374,89,12092,0,360,360,2.0,0.0,1.0,12.9,3.975
EC_0179-5413-04-04-PSJ-F-04-A.wav,4.211620182992192,97,12092,0,0,0,2.0,1.0,0.0,12.9,3.975
EC_0179-5413-04-04-PSJ-F-04-A.wav,5.2369209509924985,0,12092,0,480,480,1.0,1.9,0.0,14.6,4.375
EC_0179-5414-04-04-PSJ-F-04-A.wav,0.06395883701043203,99,12093,0,120,120,5.6,8.3,5.9,12.5,8.075
EC_0179-5414-04-04-PSJ-F-04-A.wav,1.1379579660133459,95,12093,0,360,1058,10.4,8.3,36.4,6.5,15.4
EC_0179-5414-04-04-PSJ-F-04-A.wav,2.1631690009962767,99,12093,0,0,0,3.9,30.0,1.9,7.8,10.899999999999999
EC_0179-5414-04-04-PSJ-F-04-A.wav,3.1905428419995587,97,12093,0,360,360,2.0,24.3,3.0,1.9,7.8
EC_0179-5414-04-04-PSJ-F-04-A.wav,4.219103372015525,98,12093,0,360,1230,3.0,16.3,0.0,0.0,4.825
EC_0179-5414-04-04-PSJ-F-04-A.wav,5.244691196014173,98,12093,0,120,1154,2.0,17.1,0.0,0.0,4.775
EC_0179-5414-04-04-PSJ-F-04-A.wav,6.27236703800736,97,12093,0,240,318,3.9,15.7,1.0,1.0,5.3999999999999995
EC_0179-5414-04-04-PSJ-F-04-A.wav,7.300458358018659,0,12093,0,120,120,2.9,13.7,1.0,0.0,4.3999999999999995
EC_0179-5415-04-04-PSJ-F-04-A.wav,0.0622921860194765,99,12093,0,120,120,5.1,12.1,7.0,7.8,8.0
EC_0179-5415-04-04-PSJ-F-04-A.wav,1.1363943600154016,34,12093,0,240,4634,8.7,34.3,6.6,8.3,14.475000000000001
EC_0179-5415-04-04-PSJ-F-04-A.wav,2.162768786016386,86,12093,0,360,3238,7.8,32.4,9.8,1.0,12.75
EC_0179-5415-04-04-PSJ-F-04-A.wav,3.1893757700163405,99,12093,0,120,120,17.8,1.9,0.0,0.0,4.925
EC_0179-5415-04-04-PSJ-F-04-A.wav,4.21680772601394,97,12093,0,120,3214,14.9,0.0,3.8,0.0,4.675
EC_0179-5415-04-04-PSJ-F-04-A.wav,5.243002014001831,98,12093,0,240,240,1.0,1.9,13.0,0.0,3.975
EC_0179-5415-04-04-PSJ-F-04-A.wav,6.273729605018161,0,12093,0,120,2832,2.9,1.0,14.7,0.0,4.6499999999999995
EC_0179-5416-04-04-PSJ-F-04-A.wav,0.06498455701512285,99,12094,0,120,120,6.6,13.9,7.6,3.4,7.875
EC_0179-5416-04-04-PSJ-F-04-A.wav,1.1395289310021326,99,12093,0,120,120,8.7,5.6,36.4,8.3,14.75
EC_0179-5416-04-04-PSJ-F-04-A.wav,2.160939663008321,99,12093,0,360,360,5.8,36.9,9.8,2.0,13.625
EC_0179-5416-04-04-PSJ-F-04-A.wav,3.1872330289916135,97,12093,0,120,120,2.0,13.0,0.0,1.9,4.225
EC_0179-5416-04-04-PSJ-F-04-A.wav,4.213645601004828,98,12093,0,120,120,2.9,13.7,0.0,0.0,4.1499999999999995
EC_0179-5416-04-04-PSJ-F-04-A.wav,5.239768236991949,97,12093,0,240,938,1.0,14.9,1.0,0.0,4.225
EC_0179-5416-04-04-PSJ-F-04-A.wav,6.270454066019738,0,12093,0,240,240,10.8,8.7,1.9,0.0,5.35
EC_0179-5417-04-04-PSJ-F-04-A.wav,0.0767851019918453,99,12093,0,120,120,7.0,9.9,7.5,7.6,8.0
EC_0179-5417-04-04-PSJ-F-04-A.wav,1.152470368979266,78,12093,0,240,240,9.4,34.0,6.6,8.4,14.6
EC_0179-5417-04-04-PSJ-F-04-A.wav,2.1741167299915105,97,12093,0,120,120,5.8,7.8,31.7,9.9,13.799999999999999
EC_0179-5417-04-04-PSJ-F-04-A.wav,3.1999572069908027,98,12093,0,240,240,1.0,16.3,1.9,1.9,5.2749999999999995
EC_0179-5417-04-04-PSJ-F-04-A.wav,4.225671916996362,98,12093,0,120,120,1.9,16.5,0.0,1.0,4.85
EC_0179-5417-04-04-PSJ-F-04-A.wav,5.252256145991851,97,12093,0,240,1237,2.0,14.0,0.0,0.0,4.0
EC_0179-5417-04-04-PSJ-F-04-A.wav,6.278880184981972,0,12093,0,120,764,0.0,15.4,1.0,0.0,4.1
EC_0179-5418-04-04-PSJ-F-04-A.wav,0.0755248419882264,99,12091,0,120,120,6.8,10.2,7.5,7.5,8.0
EC_0179-5418-04-04-PSJ-F-04-A.wav,1.1520998209889513,98,12091,0,120,2328,11.1,37.0,3.8,7.4,14.825
EC_0179-5418-04-04-PSJ-F-04-A.wav,2.1747678050014656,98,12091,0,240,6096,19.4,13.0,8.1,5.0,11.375
EC_0179-5418-04-04-PSJ-F-04-A.wav,3.2024605740152765,99,12091,0,240,2682,15.5,1.9,1.9,0.0,4.824999999999999
EC_0179-5418-04-04-PSJ-F-04-A.wav,4.228948670002865,97,12091,0,0,482,17.8,1.9,4.8,0.0,6.125
EC_0179-5418-04-04-PSJ-F-04-A.wav,5.2562605860002805,97,12091,0,360,3454,3.8,1.9,15.4,1.0,5.525
EC_0179-5418-04-04-PSJ-F-04-A.wav,6.282381141994847,0,12091,0,0,0,2.0,0.0,14.7,0.0,4.175
EC_0179-5419-04-04-PSJ-F-04-A.wav,0.07484864498837851,99,12093,0,120,120,8.1,10.1,7.0,6.4,7.9
EC_0179-5419-04-04-PSJ-F-04-A.wav,1.1532184729876462,98,12093,0,240,2952,13.0,32.7,7.4,6.5,14.9
EC_0179-5419-04-04-PSJ-F-04-A.wav,2.176408725004876,97,12093,0,120,120,16.0,15.8,12.6,1.0,11.35
EC_0179-5419-04-04-PSJ-F-04-A.wav,3.203012793994276,92,12093,0,240,240,14.0,2.9,1.0,0.0,4.475
EC_0179-5419-04-04-PSJ-F-04-A.wav,4.229474616004154,99,12093,0,0,0,18.1,1.9,0.0,1.0,5.25
EC_0179-5419-04-04-PSJ-F-04-A.wav,5.257015665003564,97,12093,0,435,435,16.5,3.8,1.0,1.0,5.575
EC_0179-5419-04-04-PSJ-F-04-A.wav,6.2834604940144345,0,12093,0,120,120,1.0,12.9,1.0,1.0,3.975
EC_0179-5420-04-04-PSJ-F-04-A.wav,0.06817413799581118,99,12092,0,120,120,7.7,10.7,6.2,6.8,7.85
EC_0179-5420-04-04-PSJ-F-04-A.wav,1.1470528899808414,98,12092,0,120,120,12.8,32.1,8.4,6.5,14.950000000000001
EC_0179-5420-04-04-PSJ-F-04-A.wav,2.1693317320023198,65,12092,0,240,240,12.0,26.9,11.8,1.0,12.925
EC_0179-5420-04-04-PSJ-F-04-A.wav,3.1954739519860595,97,12092,0,240,240,14.9,1.0,2.9,0.0,4.7
EC_0179-5420-04-04-PSJ-F-04-A.wav,4.221674767002696,97,12092,0,0,0,6.9,1.0,8.8,1.0,4.425000000000001
EC_0179-5420-04-04-PSJ-F-04-A.wav,5.2482639880036,98,12092,0,360,360,2.0,2.9,13.6,0.0,4.625
EC_0179-5420-04-04-PSJ-F-04-A.wav,6.275321330002043,0,12092,0,120,120,2.9,17.3,0.0,1.0,5.3
EC_0179-5421-04-04-PSJ-F-04-A.wav,0.06445959999109618,99,12093,0,120,120,9.0,12.0,6.0,3.5,7.625
EC_0179-5421-04-04-PSJ-F-04-A.wav,1.1379878520092461,98,12093,0,120,120,8.5,34.9,7.5,8.4,14.825
EC_0179-5421-04-04-PSJ-F-04-A.wav,2.160082588001387,97,12093,0,240,240,5.9,28.2,13.5,1.0,12.15
EC_0179-5421-04-04-PSJ-F-04-A.wav,3.1863675040076487,98,12093,0,240,240,0.0,13.9,1.9,1.0,4.2
EC_0179-5421-04-04-PSJ-F-04-A.wav,4.211804021004355,98,12093,0,120,120,3.9,13.9,0.0,1.0,4.7
EC_0179-5421-04-04-PSJ-F-04-A.wav,5.24091088201385,97,12093,0,240,240,1.9,17.1,1.0,0.0,5.0
EC_0179-5421-04-04-PSJ-F-04-A.wav,6.268423224013532,0,12093,0,120,120,0.0,14.6,0.0,1.0,3.9
EC_0179-5422-04-04-PSJ-F-04-A.wav,0.06338059800327756,99,12093,0,120,120,6.5,15.3,5.5,2.8,7.525
EC_0179-5422-04-04-PSJ-F-04-A.wav,1.13762808899628,98,12093,0,120,120,6.7,7.5,7.5,35.8,14.375
EC_0179-5422-04-04-PSJ-F-04-A.wav,2.160856069996953,97,12093,0,240,240,13.6,1.0,23.5,7.8,11.475
EC_0179-5422-04-04-PSJ-F-04-A.wav,3.1870742939936463,98,12093,0,240,240,2.0,2.0,1.0,12.9,4.475
EC_0179-5422-04-04-PSJ-F-04-A.wav,4.214611341012642,97,12093,0,0,0,2.9,0.0,0.0,16.3,4.8
EC_0179-5422-04-04-PSJ-F-04-A.wav,5.239978413999779,0,12093,0,360,360,1.0,0.0,0.0,13.9,3.725
EC_0179-5423-04-04-PSJ-F-04-A.wav,0.06362054598866962,99,12092,0,120,120,5.3,11.1,5.0,8.7,7.5249999999999995
EC_0179-5423-04-04-PSJ-F-04-A.wav,1.13875899699633,77,12092,0,240,240,10.3,10.1,3.8,36.7,15.225000000000001
EC_0179-5423-04-04-PSJ-F-04-A.wav,2.160781857004622,97,12092,0,240,240,3.0,8.9,28.0,5.1,11.25
EC_0179-5423-04-04-PSJ-F-04-A.wav,3.1887069570075255,97,12092,0,120,120,2.9,1.9,12.6,3.8,5.3
EC_0179-5423-04-04-PSJ-F-04-A.wav,4.214972223009681,98,12092,0,240,240,2.0,1.0,16.3,1.0,5.075
EC_0179-5423-04-04-PSJ-F-04-A.wav,5.242932300985558,0,12092,0,120,818,1.0,0.0,14.7,0.0,3.925
EC_0179-5424-04-04-PSJ-F-04-A.wav,0.06360403299913742,99,12092,0,120,120,6.4,3.5,9.5,11.9,7.824999999999999
EC_0179-5424-04-04-PSJ-F-04-A.wav,1.1370937869942281,98,12092,0,240,240,9.4,8.4,32.7,8.3,14.7
EC_0179-5424-04-04-PSJ-F-04-A.wav,2.1605022249859758,97,12092,0,240,240,7.8,14.4,5.0,16.7,10.975
EC_0179-5424-04-04-PSJ-F-04-A.wav,3.186806757003069,86,12092,0,120,764,14.9,1.9,1.0,0.0,4.45
EC_0179-5424-04-04-PSJ-F-04-A.wav,4.213130297983298,0,12092,0,240,240,2.0,14.0,1.0,1.9,4.725
EC_0179-5425-04-04-PSJ-F-04-A.wav,0.062279481993755326,99,12092,0,120,120,7.5,9.9,7.0,6.3,7.675
EC_0179-5425-04-04-PSJ-F-04-A.wav,1.135146225016797,98,12092,0,240,1814,11.3,10.1,31.8,6.6,14.950000000000001
EC_0179-5425-04-04-PSJ-F-04-A.wav,2.158217845018953,97,12092,0,240,4242,8.0,10.9,18.6,7.7,11.3
EC_0179-5425-04-04-PSJ-F-04-A.wav,3.1856098280113656,87,12092,0,120,2608,14.9,1.9,1.9,0.0,4.675
EC_0179-5425-04-04-PSJ-F-04-A.wav,4.212024956999812,0,12092,0,240,3488,14.9,3.8,0.0,1.0,4.925
EC_0179-5426-04-04-PSJ-F-04-A.wav,0.06236364701180719,99,12094,0,120,120,7.5,10.1,7.3,6.7,7.9
EC_0179-5426-04-04-PSJ-F-04-A.wav,1.134460556000704,99,12094,0,120,120,9.4,7.5,7.5,33.0,14.35
EC_0179-5426-04-04-PSJ-F-04-A.wav,2.156284108001273,88,12094,0,360,360,1.0,17.8,3.9,26.2,12.225
EC_0179-5426-04-04-PSJ-F-04-A.wav,3.182432310015429,98,12094,0,120,2832,16.0,0.0,2.9,1.0,4.975
EC_0179-5426-04-04-PSJ-F-04-A.wav,4.208321939018788,97,12094,0,0,0,2.0,0.0,15.7,0.0,4.425
EC_0179-5426-04-04-PSJ-F-04-A.wav,5.234624230011832,90,12094,0,600,600,0.0,1.0,15.4,2.0,4.6
EC_0179-5426-04-04-PSJ-F-04-A.wav,6.2606588269991335,0,12094,0,0,0,2.0,1.9,16.3,0.0,5.05
EC_0179-5427-04-04-PSJ-F-04-A.wav,0.062009771005250514,99,12093,0,120,120,7.9,5.8,10.4,7.7,7.95
EC_0179-5427-04-04-PSJ-F-04-A.wav,1.1367313340015244,98,12093,0,0,0,18.9,26.2,8.4,6.6,15.024999999999999
EC_0179-5427-04-04-PSJ-F-04-A.wav,2.1600343259924557,97,12093,0,315,1013,3.9,11.9,31.4,1.9,12.275
EC_0179-5427-04-04-PSJ-F-04-A.wav,3.187539178004954,88,12093,0,240,240,2.9,1.9,14.4,0.0,4.8
EC_0179-5427-04-04-PSJ-F-04-A.wav,4.213824731996283,98,12093,0,240,240,2.0,1.0,15.5,1.0,4.875
EC_0179-5427-04-04-PSJ-F-04-A.wav,5.241887982992921,97,12093,0,360,1176,1.0,2.0,15.5,1.9,5.1
EC_0179-5427-04-04-PSJ-F-04-A.wav,6.267614723008592,0,12093,0,120,120,2.0,4.8,10.8,0.0,4.4
EC_0179-5428-04-04-PSJ-F-04-A.wav,0.06387828799779527,99,12092,0,120,120,5.9,6.5,11.6,6.5,7.625
EC_0179-5428-04-04-PSJ-F-04-A.wav,1.1422346089966595,98,12092,0,240,240,11.1,36.8,4.6,10.2,15.675
EC_0179-5428-04-04-PSJ-F-04-A.wav,2.1659207250049803,97,12092,0,240,818,3.0,17.6,20.6,1.9,10.775
EC_0179-5428-04-04-PSJ-F-04-A.wav,3.1923187329957727,97,12092,0,480,480,2.9,17.9,0.0,0.0,5.199999999999999
EC_0179-5428-04-04-PSJ-F-04-A.wav,4.219528880988946,98,12092,0,0,0,2.9,14.0,2.0,0.0,4.725
EC_0179-5428-04-04-PSJ-F-04-A.wav,5.24718929399387,97,12092,0,240,240,2.9,15.5,0.0,0.0,4.6
EC_0179-5428-04-04-PSJ-F-04-A.wav,6.273490079998737,0,12092,0,0,0,1.0,13.7,1.0,0.0,3.925
EC_0179-5429-04-04-PSJ-F-04-A.wav,0.06459487200481817,99,12093,0,120,120,5.8,12.1,9.7,2.5,7.5249999999999995
EC_0179-5429-04-04-PSJ-F-04-A.wav,1.1363172309938818,98,12093,0,240,240,10.3,7.5,33.0,9.3,15.024999999999999
EC_0179-5429-04-04-PSJ-F-04-A.wav,2.160641909984406,97,12093,0,240,240,13.6,5.9,17.5,6.9,10.975
EC_0179-5429-04-04-PSJ-F-04-A.wav,3.188262927986216,97,12093,0,240,240,3.9,1.9,0.0,17.0,5.7
EC_0179-5429-04-04-PSJ-F-04-A.wav,4.214624133979669,98,12093,0,120,120,1.0,1.9,0.0,14.7,4.3999999999999995
EC_0179-5429-04-04-PSJ-F-04-A.wav,5.240819345985074,0,12093,0,240,240,2.9,0.0,2.9,16.3,5.525
EC_0179-5430-04-04-PSJ-F-04-A.wav,0.06166965598822571,99,12093,0,120,120,5.8,11.0,7.2,7.2,7.8
EC_0179-5430-04-04-PSJ-F-04-A.wav,1.1400457859854214,99,12093,0,240,610,11.2,38.0,4.7,6.5,15.100000000000001
EC_0179-5430-04-04-PSJ-F-04-A.wav,2.161296920996392,98,12093,0,240,240,10.9,10.7,1.0,26.5,12.275
EC_0179-5430-04-04-PSJ-F-04-A.wav,3.1871299060003366,88,12093,0,120,120,2.0,15.7,1.0,1.9,5.1499999999999995
EC_0179-5430-04-04-PSJ-F-04-A.wav,4.214083590981318,97,12093,0,240,240,2.0,13.9,1.9,0.0,4.45
EC_0179-5430-04-04-PSJ-F-04-A.wav,5.241842247982277,97,12093,0,120,120,1.0,1.0,15.4,1.0,4.6
EC_0179-5430-04-04-PSJ-F-04-A.wav,6.267569594987435,0,12093,0,240,240,1.0,1.9,13.9,1.9,4.675
EC_0179-5431-04-04-PSJ-F-04-A.wav,0.06368742999620736,99,12092,0,120,120,6.3,8.3,8.4,8.6,7.9
EC_0179-5431-04-04-PSJ-F-04-A.wav,1.1398441740020644,98,12092,0,120,120,9.3,9.3,35.2,5.6,14.850000000000001
EC_0179-5431-04-04-PSJ-F-04-A.wav,2.163014549994841,97,12092,0,240,240,13.6,10.8,7.9,9.8,10.524999999999999
EC_0179-5431-04-04-PSJ-F-04-A.wav,3.1893304080003873,98,12092,0,240,240,2.0,1.0,10.7,3.0,4.175
EC_0179-5431-04-04-PSJ-F-04-A.wav,4.215438031009398,98,12092,0,120,764,2.0,1.0,0.0,15.5,4.625
EC_0179-5431-04-04-PSJ-F-04-A.wav,5.242210361990146,97,12092,0,240,240,1.0,1.0,1.0,15.5,4.625
EC_0179-5431-04-04-PSJ-F-04-A.wav,6.26804373099003,0,12092,0,120,120,2.0,1.0,1.0,12.0,4.0
EC_0179-5432-04-04-PSJ-F-04-A.wav,0.06318164200638421,99,12093,0,120,120,5.6,7.7,8.0,8.2,7.375
EC_0179-5432-04-04-PSJ-F-04-A.wav,1.137942725996254,98,12093,0,240,6684,6.7,37.0,6.5,7.5,14.425
EC_0179-5432-04-04-PSJ-F-04-A.wav,2.161329272988951,97,12093,0,120,2562,9.7,6.9,31.4,2.0,12.5
EC_0179-5432-04-04-PSJ-F-04-A.wav,3.187968765007099,98,12093,0,360,842,2.0,2.0,14.6,1.0,4.9
EC_0179-5432-04-04-PSJ-F-04-A.wav,4.214524668001104,93,12093,0,0,3094,2.0,0.0,14.6,1.0,4.4
EC_0179-5432-04-04-PSJ-F-04-A.wav,5.241737214993918,97,12093,0,240,240,2.0,1.0,13.9,1.0,4.475
EC_0179-5432-04-04-PSJ-F-04-A.wav,6.268537419993663,0,12093,0,120,120,2.9,1.9,14.4,1.9,5.2749999999999995
EC_0179-5433-04-04-PSJ-F-04-A.wav,0.0726113070268184,99,12092,0,120,120,7.0,9.0,8.8,6.1,7.725
EC_0179-5433-04-04-PSJ-F-04-A.wav,1.144970244000433,98,12092,0,120,120,10.5,7.5,16.7,25.0,14.925
EC_0179-5433-04-04-PSJ-F-04-A.wav,2.171110061026411,97,12092,0,240,240,9.9,6.7,5.9,19.8,10.575
EC_0179-5433-04-04-PSJ-F-04-A.wav,3.197061451006448,87,12092,0,240,240,16.5,1.0,0.0,1.9,4.85
EC_0179-5433-04-04-PSJ-F-04-A.wav,4.22350157101755,98,12092,0,120,120,13.3,0.0,0.0,1.0,3.575
EC_0179-5433-04-04-PSJ-F-04-A.wav,5.250836365012219,97,12092,0,240,240,14.9,2.9,0.0,0.0,4.45
EC_0179-5433-04-04-PSJ-F-04-A.wav,6.276294288021745,0,12092,0,120,998,2.0,12.9,0.0,1.0,3.975
EC_0179-5434-04-04-PSJ-F-04-A.wav,0.06244710701867007,99,12092,0,120,120,6.6,7.7,9.8,6.8,7.7250000000000005
EC_0179-5434-04-04-PSJ-F-04-A.wav,1.1337083520193119,98,12092,0,120,490,9.3,7.6,34.9,5.6,14.35
EC_0179-5434-04-04-PSJ-F-04-A.wav,2.155460858019069,97,12092,0,240,240,3.9,18.6,25.5,1.0,12.25
EC_0179-5434-04-04-PSJ-F-04-A.wav,3.1819655900180805,89,12092,0,240,240,2.0,15.4,0.0,1.9,4.824999999999999
EC_0179-5434-04-04-PSJ-F-04-A.wav,4.209313632018166,0,12092,0,162,166,0.0,15.7,1.0,0.0,4.175
EC_0179-5435-04-04-PSJ-F-04-A.wav,0.0748214749910403,99,12093,0,120,120,6.6,8.3,9.8,6.3,7.750000000000001
EC_0179-5435-04-04-PSJ-F-04-A.wav,1.1493678269907832,99,12093,0,120,764,9.3,36.1,5.6,7.5,14.625000000000002
EC_0179-5435-04-04-PSJ-F-04-A.wav,2.1713676739891525,98,12093,0,360,360,3.0,10.9,9.7,24.3,11.975000000000001
EC_0179-5435-04-04-PSJ-F-04-A.wav,3.197363929997664,98,12093,0,120,120,2.0,1.0,15.4,1.0,4.85
EC_0179-5435-04-04-PSJ-F-04-A.wav,4.223553860996617,97,12093,0,120,120,2.9,1.0,16.3,1.0,5.3
EC_0179-5435-04-04-PSJ-F-04-A.wav,5.249345945980167,98,12093,0,360,360,2.0,1.0,13.9,1.0,4.475
EC_0179-5435-04-04-PSJ-F-04-A.wav,6.2754417909891345,0,12093,0,120,1068,2.0,0.0,15.4,1.0,4.6
EC_0179-5436-04-04-PSJ-F-04-A.wav,0.0646183599892538,99,12093,0,120,120,4.8,10.1,11.8,5.6,8.075
EC_0179-5436-04-04-PSJ-F-04-A.wav,1.1412620100018103,98,12093,0,120,2562,20.6,27.8,7.5,4.6,15.125000000000002
EC_0179-5436-04-04-PSJ-F-04-A.wav,2.1654729199944995,97,12093,0,240,722,21.4,2.0,5.8,18.3,11.875
EC_0179-5436-04-04-PSJ-F-04-A.wav,3.1928769329970237,98,12093,0,240,3334,0.0,1.0,1.9,12.0,3.725
EC_0179-5436-04-04-PSJ-F-04-A.wav,4.220571681013098,99,12093,0,120,120,0.0,1.0,1.9,15.4,4.575
EC_0179-5436-04-04-PSJ-F-04-A.wav,5.246367990010185,97,12093,0,360,360,2.0,3.8,14.6,1.0,5.35
EC_0179-5436-04-04-PSJ-F-04-A.wav,6.271870330994716,0,12093,0,120,2832,2.0,1.9,14.6,0.0,4.625
EC_0179-5437-04-04-PSJ-F-04-A.wav,0.06219941400922835,99,12094,0,120,120,6.6,7.0,10.0,6.5,7.525
EC_0179-5437-04-04-PSJ-F-04-A.wav,1.1347641850006767,98,12093,0,360,360,12.8,8.4,8.5,32.1,15.450000000000001
EC_0179-5437-04-04-PSJ-F-04-A.wav,2.157672305009328,97,12093,0,120,120,20.6,1.0,7.9,12.6,10.525
EC_0179-5437-04-04-PSJ-F-04-A.wav,3.184195917012403,98,12093,0,240,240,2.9,3.8,2.9,12.0,5.4
EC_0179-5437-04-04-PSJ-F-04-A.wav,4.210326068016002,99,12093,0,120,120,1.0,0.0,1.0,15.4,4.35
EC_0179-5437-04-04-PSJ-F-04-A.wav,5.23681025399128,97,12093,0,240,938,1.0,1.9,0.0,15.5,4.6
EC_0179-5437-04-04-PSJ-F-04-A.wav,6.263191745994845,0,12093,0,120,120,2.9,0.0,1.0,12.9,4.2
EC_0179-5438-04-04-PSJ-F-04-A.wav,0.06909047599765472,99,12093,0,120,120,6.7,6.8,9.0,7.7,7.55
EC_0179-5438-04-04-PSJ-F-04-A.wav,1.1408653800026514,99,12093,0,240,240,8.5,10.2,34.3,7.4,15.1
EC_0179-5438-04-04-PSJ-F-04-A.wav,2.1622259269934148,87,12093,0,240,240,10.9,0.0,25.3,9.8,11.5
EC_0179-5438-04-04-PSJ-F-04-A.wav,3.1890648519911338,98,12093,0,240,240,2.0,1.0,16.0,1.0,5.0
EC_0179-5438-04-04-PSJ-F-04-A.wav,4.215802555991104,97,12093,0,0,370,1.9,1.0,16.3,1.9,5.2749999999999995
EC_0179-5438-04-04-PSJ-F-04-A.wav,5.241792571003316,98,12093,0,360,360,2.0,2.0,14.6,0.0,4.65
EC_0179-5438-04-04-PSJ-F-04-A.wav,6.268165071000112,0,12093,0,120,120,1.0,1.0,14.7,0.0,4.175
EC_0179-5439-04-04-PSJ-F-04-A.wav,0.06227717798901722,99,12092,0,120,120,6.9,6.1,9.5,7.9,7.6
EC_0179-5439-04-04-PSJ-F-04-A.wav,1.1338383419788443,99,12092,0,120,120,9.5,11.0,5.6,36.4,15.625
EC_0179-5439-04-04-PSJ-F-04-A.wav,2.155574717995478,88,12092,0,240,240,2.0,8.8,28.7,9.7,12.3
EC_0179-5439-04-04-PSJ-F-04-A.wav,3.1817072999838274,97,12092,0,240,240,2.0,13.9,0.0,1.0,4.225
EC_0179-5439-04-04-PSJ-F-04-A.wav,4.2097765959915705,97,12092,0,0,0,1.0,14.7,0.0,0.0,3.925
EC_0179-5439-04-04-PSJ-F-04-A.wav,5.237002390000271,0,12092,0,360,360,3.8,12.9,1.9,1.9,5.124999999999999
EC_0179-5440-04-04-PSJ-F-04-A.wav,0.06360403398866765,99,12094,0,120,120,6.7,8.9,8.8,6.4,7.700000000000001
EC_0179-5440-04-04-PSJ-F-04-A.wav,1.138418526010355,98,12094,0,240,7341,21.5,9.3,10.4,17.8,14.75
EC_0179-5440-04-04-PSJ-F-04-A.wav,2.1622563599958085,97,12094,0,240,4805,9.8,5.9,25.2,9.7,12.649999999999999
EC_0179-5440-04-04-PSJ-F-04-A.wav,3.1880036410002504,98,12094,0,120,120,1.0,13.9,1.9,0.0,4.2
EC_0179-5440-04-04-PSJ-F-04-A.wav,4.213111399993068,97,12094,0,240,5889,5.9,5.0,10.8,1.0,5.675000000000001
EC_0179-5440-04-04-PSJ-F-04-A.wav,5.239786251011537,0,12094,0,120,120,1.0,0.0,15.5,0.0,4.125
EC_0179-5441-04-04-PSJ-F-04-A.wav,0.06127337901853025,99,12094,0,120,120,6.2,6.4,10.0,8.2,7.7
EC_0179-5441-04-04-PSJ-F-04-A.wav,1.1381555999978445,98,12094,0,240,454,10.3,35.8,4.7,7.5,14.575
EC_0179-5441-04-04-PSJ-F-04-A.wav,2.1610864720132668,97,12094,0,240,240,13.7,21.6,8.7,2.9,11.725
EC_0179-5441-04-04-PSJ-F-04-A.wav,3.188230885018129,88,12094,0,120,334,14.0,1.0,1.0,1.0,4.25
EC_0179-5441-04-04-PSJ-F-04-A.wav,4.2141959050204605,98,12094,0,240,444,16.7,1.0,0.0,1.0,4.675
EC_0179-5441-04-04-PSJ-F-04-A.wav,5.242371318017831,97,12094,0,240,1544,13.0,1.9,0.0,1.9,4.2
EC_0179-5441-04-04-PSJ-F-04-A.wav,6.269442703021923,0,12094,0,240,286,2.0,14.6,1.0,1.0,4.65
EC_0179-5442-04-04-PSJ-F-04-A.wav,0.06367840600432828,99,12095,0,120,120,7.3,7.3,8.5,7.5,7.65
EC_0179-5442-04-04-PSJ-F-04-A.wav,1.1371687939972617,98,12096,0,120,764,9.5,6.6,24.5,15.0,13.9
EC_0179-5442-04-04-PSJ-F-04-A.wav,2.1602689230057877,97,12096,0,360,360,4.9,15.7,19.8,4.0,11.100000000000001
EC_0179-5442-04-04-PSJ-F-04-A.wav,3.186617772997124,87,12096,0,240,240,13.1,1.0,1.0,0.0,3.775
EC_0179-5442-04-04-PSJ-F-04-A.wav,4.213467641005991,0,12096,0,120,2562,15.7,1.9,1.0,1.0,4.8999999999999995
EC_0179-5443-04-04-PSJ-F-04-A.wav,0.06307466098223813,99,12096,0,120,120,7.7,7.3,9.1,7.0,7.775
EC_0179-5443-04-04-PSJ-F-04-A.wav,1.1384771529992577,92,12096,0,120,2932,10.2,36.8,4.7,9.2,15.225000000000001
EC_0179-5443-04-04-PSJ-F-04-A.wav,2.1635859349917155,98,12096,0,120,602,1.0,8.8,1.9,32.0,10.925
EC_0179-5443-04-04-PSJ-F-04-A.wav,3.190561921976041,97,12096,0,480,3574,4.0,1.9,11.0,12.6,7.375
EC_0179-5443-04-04-PSJ-F-04-A.wav,4.217230276990449,98,12096,0,0,0,1.0,1.0,13.7,0.0,3.925
EC_0179-5443-04-04-PSJ-F-04-A.wav,5.2434412939765025,97,12096,0,480,526,1.0,2.0,16.5,2.9,5.6
EC_0179-5443-04-04-PSJ-F-04-A.wav,6.269853282981785,0,12096,0,0,2712,1.0,0.0,14.7,1.0,4.175
EC_0179-5444-04-04-PSJ-F-04-A.wav,0.06332395499339327,99,12096,0,120,120,6.9,9.1,8.8,6.1,7.725
EC_0179-5444-04-04-PSJ-F-04-A.wav,1.136856616998557,98,12096,0,0,0,11.0,8.3,18.7,23.1,15.275
EC_0179-5444-04-04-PSJ-F-04-A.wav,2.1614276409964077,97,12096,0,360,360,2.9,12.7,8.7,21.6,11.475
EC_0179-5444-04-04-PSJ-F-04-A.wav,3.187641986995004,87,12096,0,240,240,1.0,1.0,10.8,6.8,4.9
EC_0179-5444-04-04-PSJ-F-04-A.wav,4.213484920997871,0,12096,0,120,818,2.0,1.0,1.9,16.3,5.300000000000001
EC_0179-5445-04-04-PSJ-F-04-A.wav,0.07384974299930036,99,12095,0,240,240,4.6,7.1,9.9,11.1,8.175
EC_0179-5445-04-04-PSJ-F-04-A.wav,1.1518069329904392,99,12095,0,120,120,11.1,8.4,32.1,3.8,13.85
EC_0179-5445-04-04-PSJ-F-04-A.wav,2.174131467996631,88,12095,0,240,240,2.0,11.8,32.0,1.9,11.924999999999999
EC_0179-5445-04-04-PSJ-F-04-A.wav,3.201913577999221,99,12095,0,240,240,2.9,1.0,6.9,5.0,3.95
EC_0179-5445-04-04-PSJ-F-04-A.wav,4.230164834996685,97,12095,0,120,120,1.0,1.9,0.0,17.1,5.0
EC_0179-5445-04-04-PSJ-F-04-A.wav,5.256584855000256,0,12095,0,360,360,6.7,1.0,0.0,12.7,5.1
EC_0179-5446-04-04-PSJ-F-04-A.wav,0.06141604299773462,99,12096,0,120,120,4.4,6.1,11.5,10.8,8.2
EC_0179-5446-04-04-PSJ-F-04-A.wav,1.134426723991055,99,12096,0,240,884,9.4,36.1,3.8,8.4,14.424999999999999
EC_0179-5446-04-04-PSJ-F-04-A.wav,2.1568245099915657,97,12096,0,240,240,9.9,11.8,26.2,0.0,11.975000000000001
EC_0179-5446-04-04-PSJ-F-04-A.wav,3.1849494880007114,88,12096,0,120,120,14.0,1.0,0.0,1.0,4.0
EC_0179-5446-04-04-PSJ-F-04-A.wav,4.211806971987244,97,12096,0,360,3462,15.0,2.9,0.0,1.9,4.949999999999999
EC_0179-5446-04-04-PSJ-F-04-A.wav,5.238622565986589,97,12096,0,240,4588,14.7,2.9,0.0,1.0,4.6499999999999995
EC_0179-5446-04-04-PSJ-F-04-A.wav,6.265471858001547,0,12097,0,240,3118,14.9,0.0,1.9,1.9,4.675
EC_0179-5447-04-04-PSJ-F-04-A.wav,0.06338274100562558,99,12115,0,120,818,7.4,8.5,8.8,7.0,7.925000000000001
EC_0179-5447-04-04-PSJ-F-04-A.wav,1.1353272840206046,98,12115,0,0,2396,10.3,10.2,34.3,6.6,15.35
EC_0179-5447-04-04-PSJ-F-04-A.wav,2.163181462994544,97,12587,0,240,240,2.9,9.8,29.1,0.0,10.450000000000001
EC_0179-5447-04-04-PSJ-F-04-A.wav,3.189504453999689,90,12587,0,240,884,1.0,2.0,41.7,0.0,11.175
EC_0179-5447-04-04-PSJ-F-04-A.wav,4.216460087016458,99,12587,0,120,120,1.0,17.5,34.3,1.0,13.45
EC_0179-5447-04-04-PSJ-F-04-A.wav,5.24202127699391,97,12587,0,480,850,4.9,17.6,15.7,14.7,13.225000000000001
EC_0179-5447-04-04-PSJ-F-04-A.wav,6.2692141070147045,97,12587,0,0,1574,1.0,1.0,0.0,14.4,4.1
EC_0179-5447-04-04-PSJ-F-04-A.wav,7.299456895008916,0,12587,0,120,6088,2.0,1.0,0.0,14.7,4.425
EC_0179-5448-04-04-PSJ-F-04-A.wav,0.061483182973461226,99,12587,0,120,120,7.5,8.2,13.1,5.8,8.649999999999999
EC_0179-5448-04-04-PSJ-F-04-A.wav,1.1346172939811368,98,12587,0,120,602,9.4,11.0,33.3,7.4,15.274999999999999
EC_0179-5448-04-04-PSJ-F-04-A.wav,2.1564674979890697,97,12587,0,600,3694,5.9,6.9,3.0,33.0,12.2
EC_0179-5448-04-04-PSJ-F-04-A.wav,3.182849211996654,98,12587,0,0,0,3.0,1.9,1.0,15.4,5.325
EC_0179-5448-04-04-PSJ-F-04-A.wav,4.209859311988112,99,12587,0,0,0,2.9,1.9,0.0,14.7,4.875
EC_0179-5448-04-04-PSJ-F-04-A.wav,5.236172157980036,0,12587,0,240,2952,1.0,1.9,0.0,15.5,4.6
EC_0179-5449-04-04-PSJ-F-04-A.wav,0.06164664699463174,99,12587,0,120,120,6.7,7.5,10.9,7.6,8.175
EC_0179-5449-04-04-PSJ-F-04-A.wav,1.135014339000918,99,12587,0,360,360,10.3,8.4,6.6,34.3,14.9
EC_0179-5449-04-04-PSJ-F-04-A.wav,2.1566259690152947,97,12587,0,240,240,5.0,26.5,14.9,1.0,11.85
EC_0179-5449-04-04-PSJ-F-04-A.wav,3.1835465600015596,99,12587,0,0,0,2.9,0.0,1.0,11.9,3.95
EC_0179-5449-04-04-PSJ-F-04-A.wav,4.210639608994825,97,12588,0,120,120,1.0,2.0,1.0,13.0,4.25
EC_0179-5449-04-04-PSJ-F-04-A.wav,5.237771251006052,97,12588,0,240,938,2.0,2.9,1.9,13.7,5.125
EC_0179-5449-04-04-PSJ-F-04-A.wav,6.263851124997018,0,12588,0,360,360,1.0,1.9,1.9,16.3,5.275
EC_0179-5450-04-04-PSJ-F-04-A.wav,0.06424307599081658,99,12587,0,120,120,0.0,100.0,100.0,0.0,50.0
EC_0179-5450-04-04-PSJ-F-04-A.wav,1.1385217290080618,98,12587,0,0,0,9.5,31.7,6.5,7.5,13.8
EC_0179-5450-04-04-PSJ-F-04-A.wav,2.161954898998374,97,12587,0,240,240,11.7,22.3,10.9,1.0,11.475
EC_0179-5450-04-04-PSJ-F-04-A.wav,3.188019250985235,89,12587,0,120,120,18.1,1.9,1.0,1.0,5.5
EC_0179-5450-04-04-PSJ-F-04-A.wav,4.214786936994642,99,12587,0,360,360,15.7,0.0,1.9,1.0,4.6499999999999995
EC_0179-5450-04-04-PSJ-F-04-A.wav,5.242329930013511,0,12587,0,240,240,5.9,10.8,1.9,1.0,4.9
EC_0179-5451-04-04-PSJ-F-04-A.wav,0.06064083200180903,99,12586,0,120,120,7.2,7.9,9.5,7.9,8.125
EC_0179-5451-04-04-PSJ-F-04-A.wav,1.132113028987078,99,12586,0,120,120,9.4,5.6,35.5,8.3,14.7
EC_0179-5451-04-04-PSJ-F-04-A.wav,2.153923293983098,98,12586,0,360,360,9.9,27.0,9.9,2.0,12.2
EC_0179-5451-04-04-PSJ-F-04-A.wav,3.1805479000031482,97,12586,0,240,1083,13.9,1.9,1.9,1.0,4.675
EC_0179-5451-04-04-PSJ-F-04-A.wav,4.207643315981841,0,12586,0,240,419,7.7,15.1,1.0,0.0,5.95
EC_0179-5452-04-04-PSJ-F-04-A.wav,0.061971144983544946,99,12586,0,120,120,11.0,10.4,7.8,3.8,8.25
EC_0179-5452-04-04-PSJ-F-04-A.wav,1.133361703978153,99,12586,0,240,610,10.3,5.6,35.8,7.5,14.799999999999999
EC_0179-5452-04-04-PSJ-F-04-A.wav,2.1549903589766473,87,12586,0,240,240,11.1,21.8,9.9,2.0,11.2
EC_0179-5452-04-04-PSJ-F-04-A.wav,3.183156393992249,97,12586,0,240,240,14.7,1.0,1.0,0.0,4.175
EC_0179-5452-04-04-PSJ-F-04-A.wav,4.211090222990606,97,12586,0,120,120,13.3,1.0,0.0,1.0,3.825
EC_0179-5452-04-04-PSJ-F-04-A.wav,5.237546916003339,0,12587,0,360,360,13.0,1.0,2.9,2.9,4.949999999999999
EC_0179-5453-04-04-PSJ-F-04-A.wav,0.06155083398334682,99,12604,0,120,120,7.9,7.4,9.8,8.4,8.375
EC_0179-5453-04-04-PSJ-F-04-A.wav,1.1379004799819086,98,12604,0,360,360,37.4,7.4,6.5,6.6,14.475
EC_0179-5453-04-04-PSJ-F-04-A.wav,2.16204552698764,97,12604,0,120,120,8.9,17.0,11.7,1.0,9.649999999999999
EC_0179-5453-04-04-PSJ-F-04-A.wav,3.1890844919835217,91,12604,0,120,120,14.7,1.9,1.0,1.0,4.6499999999999995
EC_0179-5453-04-04-PSJ-F-04-A.wav,4.2145890049869195,99,12604,0,360,360,6.0,10.8,0.0,0.0,4.2
EC_0179-5453-04-04-PSJ-F-04-A.wav,5.240989215002628,97,12604,0,120,120,2.0,16.3,1.0,0.0,4.825
EC_0179-5453-04-04-PSJ-F-04-A.wav,6.266591558000073,0,12604,0,360,1058,2.9,14.7,1.9,1.0,5.124999999999999
EC_0179-5454-04-04-PSJ-F-04-A.wav,0.07209367898758501,99,12607,0,120,120,7.9,7.7,9.4,7.5,8.125
EC_0179-5454-04-04-PSJ-F-04-A.wav,1.1440815829846542,98,12606,0,120,120,10.3,5.6,6.6,36.4,14.725
EC_0179-5454-04-04-PSJ-F-04-A.wav,2.1657335670024622,97,12608,0,240,240,28.0,6.9,9.8,2.0,11.675
EC_0179-5454-04-04-PSJ-F-04-A.wav,3.1929380759829655,86,12608,0,360,1004,2.0,18.9,2.0,1.0,5.975
EC_0179-5454-04-04-PSJ-F-04-A.wav,4.218737164977938,97,12608,0,120,120,2.9,13.9,0.0,1.0,4.45
EC_0179-5454-04-04-PSJ-F-04-A.wav,5.244006113993237,0,12608,0,360,360,1.0,15.5,1.0,1.9,4.85
EC_0179-5455-04-04-PSJ-F-04-A.wav,0.06359475300996564,99,12607,0,120,800,11.0,10.3,4.0,5.2,7.625
EC_0179-5455-04-04-PSJ-F-04-A.wav,1.1365988720208406,99,12607,0,240,5862,6.6,9.4,8.3,36.4,15.175
EC_0179-5455-04-04-PSJ-F-04-A.wav,2.1590024810284376,88,12607,0,360,2802,6.9,24.0,11.8,9.8,13.125
EC_0179-5455-04-04-PSJ-F-04-A.wav,3.1855578670219984,99,12607,0,120,602,0.0,2.9,0.0,14.6,4.375
EC_0179-5455-04-04-PSJ-F-04-A.wav,4.2118702640000265,97,12607,0,360,3454,2.0,1.0,1.0,16.3,5.075
EC_0179-5455-04-04-PSJ-F-04-A.wav,5.23793189501157,98,12607,0,120,120,3.9,5.9,1.0,6.9,4.425000000000001
EC_0179-5455-04-04-PSJ-F-04-A.wav,6.26320756401401,0,12607,0,240,240,16.7,0.0,0.0,1.9,4.6499999999999995
EC_0179-5456-04-04-PSJ-F-04-A.wav,0.061671447998378426,99,12607,0,120,120,8.4,8.4,4.4,10.0,7.800000000000001
EC_0179-5456-04-04-PSJ-F-04-A.wav,1.1352309249923564,98,12607,0,240,240,9.4,4.7,36.8,8.4,14.825
EC_0179-5456-04-04-PSJ-F-04-A.wav,2.156969825999113,97,12607,0,240,240,10.8,25.5,11.7,2.0,12.5
EC_0179-5456-04-04-PSJ-F-04-A.wav,3.1843803620140534,98,12607,0,240,240,14.0,1.9,0.0,0.0,3.975
EC_0179-5456-04-04-PSJ-F-04-A.wav,4.210928354994394,97,12607,0,120,490,17.1,1.9,1.0,0.0,5.0
EC_0179-5456-04-04-PSJ-F-04-A.wav,5.238025402999483,97,12607,0,240,884,1.0,2.9,14.2,0.0,4.5249999999999995
EC_0179-5456-04-04-PSJ-F-04-A.wav,6.264387625997188,0,12607,0,120,120,1.0,14.1,1.0,1.0,4.275
EC_0179-5457-04-04-PSJ-F-04-A.wav,0.06331230598152615,99,12607,0,120,120,8.5,7.7,6.9,7.5,7.65
EC_0179-5457-04-04-PSJ-F-04-A.wav,1.1363602989877108,99,12607,0,240,3056,7.7,4.7,7.5,35.5,13.85
EC_0179-5457-04-04-PSJ-F-04-A.wav,2.1579326929931995,98,12607,0,120,4012,13.9,31.7,1.0,2.0,12.15
EC_0179-5457-04-04-PSJ-F-04-A.wav,3.183382642979268,99,12607,0,360,2802,16.7,1.0,1.0,1.0,4.925
EC_0179-5457-04-04-PSJ-F-04-A.wav,4.210138295980869,0,12607,0,0,2878,3.8,0.0,14.7,0.0,4.625
EC_0179-5458-04-04-PSJ-F-04-A.wav,0.06290937098674476,99,12608,0,120,120,10.0,8.1,9.1,5.0,8.05
EC_0179-5458-04-04-PSJ-F-04-A.wav,1.1363087109930348,98,12608,0,0,46,8.6,33.6,9.2,7.5,14.725000000000001
EC_0179-5458-04-04-PSJ-F-04-A.wav,2.1584923710033763,98,12608,0,480,480,13.9,9.6,29.1,1.0,13.4
EC_0179-5458-04-04-PSJ-F-04-A.wav,3.18513537698891,99,12608,0,120,2832,1.0,14.6,0.0,1.0,4.15
EC_0179-5458-04-04-PSJ-F-04-A.wav,4.212318284990033,97,12608,0,120,120,2.9,16.3,1.0,1.0,5.3
EC_0179-5458-04-04-PSJ-F-04-A.wav,5.238520082988543,97,12608,0,360,368,0.0,13.7,1.0,2.9,4.3999999999999995
EC_0179-5458-04-04-PSJ-F-04-A.wav,6.2651796670106705,0,12608,0,0,0,2.0,14.0,0.0,0.0,4.0
EC_0179-5459-04-04-PSJ-F-04-A.wav,0.06101435600430705,99,12626,0,120,120,8.7,9.0,6.7,7.1,7.875
EC_0179-5459-04-04-PSJ-F-04-A.wav,1.13873709901236,98,12626,0,120,120,27.1,17.9,4.7,7.4,14.275
EC_0179-5459-04-04-PSJ-F-04-A.wav,2.162707544019213,97,12626,0,240,938,2.0,2.9,18.4,24.5,11.95
EC_0179-5459-04-04-PSJ-F-04-A.wav,3.189933142013615,97,12626,0,240,240,1.0,1.0,12.0,1.0,3.75
EC_0179-5459-04-04-PSJ-F-04-A.wav,4.216037847014377,98,12626,0,120,120,2.9,1.9,13.9,1.0,4.925
EC_0179-5459-04-04-PSJ-F-04-A.wav,5.242107765021501,97,12626,0,360,360,1.0,2.0,15.7,1.0,4.925
EC_0179-5459-04-04-PSJ-F-04-A.wav,6.269277584011434,0,12626,0,0,0,1.0,1.0,13.7,1.9,4.3999999999999995
EC_0179-5460-04-04-PSJ-F-04-A.wav,0.06469910099986009,99,12626,0,120,120,8.8,8.9,7.2,6.3,7.800000000000001
EC_0179-5460-04-04-PSJ-F-04-A.wav,1.137510121014202,98,12626,0,240,240,36.2,6.6,7.5,5.6,13.975000000000001
EC_0179-5460-04-04-PSJ-F-04-A.wav,2.1607293559936807,97,12626,0,240,240,9.8,1.0,11.7,19.4,10.475
EC_0179-5460-04-04-PSJ-F-04-A.wav,3.186983413004782,97,12626,0,240,240,1.0,2.0,14.6,0.0,4.4
EC_0179-5460-04-04-PSJ-F-04-A.wav,4.213588240992976,99,12626,0,120,120,4.8,0.0,13.9,0.0,4.675
EC_0179-5460-04-04-PSJ-F-04-A.wav,5.240023620019201,97,12626,0,240,884,2.9,6.8,13.2,1.9,6.199999999999999
EC_0179-5460-04-04-PSJ-F-04-A.wav,6.265315352007747,0,12626,0,0,370,1.0,14.6,0.0,0.0,3.9
EC_0179-5461-04-04-PSJ-F-04-A.wav,0.061629879026440904,99,12626,0,120,120,8.2,8.2,8.6,6.7,7.925
EC_0179-5461-04-04-PSJ-F-04-A.wav,1.1413172720058355,99,12626,0,360,5130,14.7,35.2,10.0,3.8,15.925
EC_0179-5461-04-04-PSJ-F-04-A.wav,2.1627667790162377,86,12626,0,120,2562,15.5,2.0,6.0,21.9,11.35
EC_0179-5461-04-04-PSJ-F-04-A.wav,3.188800504023675,97,12626,0,240,3118,16.7,2.9,1.9,0.0,5.374999999999999
EC_0179-5461-04-04-PSJ-F-04-A.wav,4.217366814002162,97,12626,0,120,3214,19.6,1.0,0.0,0.0,5.15
EC_0179-5461-04-04-PSJ-F-04-A.wav,5.244220774999121,89,12626,0,240,286,17.1,1.9,0.0,1.9,5.225
EC_0179-5461-04-04-PSJ-F-04-A.wav,6.27207629501936,0,12626,0,120,120,14.9,1.0,1.0,1.9,4.699999999999999
EC_0179-5462-04-04-PSJ-F-04-A.wav,0.06192855001427233,99,12626,0,120,120,9.7,8.5,7.2,5.4,7.699999999999999
EC_0179-5462-04-04-PSJ-F-04-A.wav,1.1347949960036203,98,12626,0,120,120,37.4,8.5,8.5,4.7,14.775
EC_0179-5462-04-04-PSJ-F-04-A.wav,2.1570020480139647,97,12626,0,240,240,15.8,5.9,2.0,24.3,12.0
EC_0179-5462-04-04-PSJ-F-04-A.wav,3.1830944000103045,99,12626,0,240,1814,1.0,13.9,1.0,0.0,3.975
EC_0179-5462-04-04-PSJ-F-04-A.wav,4.210440644004848,97,12626,0,0,3434,2.9,13.1,1.0,0.0,4.25
EC_0179-5462-04-04-PSJ-F-04-A.wav,5.236871926026652,98,12626,0,360,2848,2.9,14.6,0.0,1.9,4.85
EC_0179-5462-04-04-PSJ-F-04-A.wav,6.262340019020485,0,12626,0,195,3073,3.0,14.7,1.9,0.0,4.8999999999999995
EC_0179-5463-04-04-PSJ-F-04-A.wav,0.06363600300392136,99,12628,0,120,120,9.5,9.3,7.3,4.9,7.75
EC_0179-5463-04-04-PSJ-F-04-A.wav,1.1393778050260153,98,12625,0,268670,10591,13.0,11.3,15.9,33.0,18.3
EC_0179-5463-04-04-PSJ-F-04-A.wav,2.1624685210117605,0,12626,0,480406,9872,14.1,25.5,0.0,7.9,11.875
EC_0179-5464-04-04-PSJ-F-04-A.wav,0.06511640298413113,99,12625,0,1666,1311,11.8,3.4,10.1,13.7,9.75
EC_0179-5464-04-04-PSJ-F-04-A.wav,1.134097294008825,94,12625,0,415586,18386,12.3,7.6,59.4,7.5,21.7
EC_0179-5464-04-04-PSJ-F-04-A.wav,2.1601971659983974,0,12624,0,192138,9420,10.9,32.7,28.0,15.3,21.724999999999998
EC_0179-5465-04-04-PSJ-F-04-A.wav,0.061932455020723864,99,12623,0,126649,1040,0.0,0.0,0.0,0.0,0.0
EC_0179-5465-04-04-PSJ-F-04-A.wav,1.1349960950028617,97,12623,0,194728,3692,8.6,35.2,7.5,7.5,14.700000000000001
EC_0179-5465-04-04-PSJ-F-04-A.wav,2.1616794550209306,0,12623,0,2741,1109,29.9,23.0,6.8,1.0,15.174999999999999
EC_0179-5466-04-04-PSJ-F-04-A.wav,0.06876463399385102,99,12625,0,131011,1385,10.4,11.4,9.5,5.7,9.25
EC_0179-5466-04-04-PSJ-F-04-A.wav,1.1637339129811153,95,12625,0,89272,2754,39.8,44.0,20.4,20.0,31.049999999999997
EC_0179-5467-04-04-PSJ-F-04-A.wav,0.06362403501407243,99,12626,0,86331,1196,12.2,12.2,10.4,6.5,10.325
EC_0179-5467-04-04-PSJ-F-04-A.wav,1.1359330420091283,95,12626,0,226239,6057,8.5,14.8,34.0,8.5,16.45
EC_0179-5468-04-04-PSJ-F-04-A.wav,0.0673103790031746,99,12627,0,87653,1678,11.3,29.2,30.4,8.2,19.775000000000002
EC_0179-5468-04-04-PSJ-F-04-A.wav,1.144183313997928,99,12627,0,147082,7048,13.8,36.1,10.2,3.8,15.975000000000001
EC_0179-5468-04-04-PSJ-F-04-A.wav,2.166957724984968,89,12627,0,3971,7756,10.2,24.8,2.0,11.8,12.2
EC_0179-5468-04-04-PSJ-F-04-A.wav,3.194390372984344,0,12627,0,0,2878,2.0,0.0,1.0,14.6,4.4
EC_0179-5469-04-04-PSJ-F-04-A.wav,0.06117916601942852,99,12625,0,68023,3488,7.9,20.4,10.7,9.5,12.125
EC_0179-5469-04-04-PSJ-F-04-A.wav,1.1372026470198762,97,12625,0,212836,3432,9.3,4.7,7.4,36.4,14.45
EC_0179-5469-04-04-PSJ-F-04-A.wav,2.1624581520154607,0,12624,0,2670,1803,12.7,28.0,26.7,20.4,21.950000000000003
EC_0179-5470-04-04-PSJ-F-04-A.wav,0.06445928002358414,99,12625,0,93205,1456,13.2,16.7,11.0,8.7,12.399999999999999
EC_0179-5470-04-04-PSJ-F-04-A.wav,1.1325229680223856,92,12625,0,230987,4032,10.5,4.7,37.4,31.1,20.924999999999997
EC_0179-5471-04-04-PSJ-F-04-A.wav,0.08292681199964136,99,12625,0,93139,1248,10.2,15.9,16.1,21.6,15.950000000000001
EC_0179-5471-04-04-PSJ-F-04-A.wav,1.1560161169909406,97,12625,0,230716,8123,20.0,8.5,35.8,11.0,18.825
EC_0179-5471-04-04-PSJ-F-04-A.wav,2.1830929369898513,0,12625,0,0,2878,31.7,26.8,16.3,0.0,18.7
EC_0179-5472-04-04-PSJ-F-04-A.wav,0.06469228400965221,99,12624,0,114091,1508,14.3,22.8,18.4,13.5,17.25
EC_0179-5472-04-04-PSJ-F-04-A.wav,1.1324042730266228,99,12624,0,204191,8100,10.6,33.6,5.7,13.1,15.750000000000002
EC_0179-5473-04-04-PSJ-F-04-A.wav,0.08105589300976135,99,12626,0,82101,1248,14.1,22.0,16.3,13.7,16.525000000000002
EC_0179-5473-04-04-PSJ-F-04-A.wav,1.1581670169834979,87,12626,0,140894,6300,29.0,7.5,20.6,17.6,18.675
EC_0179-5473-04-04-PSJ-F-04-A.wav,2.182499143993482,0,12626,0,2659,1151,3.0,25.3,7.8,23.5,14.9
EC_0179-5474-04-04-PSJ-F-04-A.wav,0.07013897999422625,99,12625,0,93205,1872,14.4,23.5,12.9,20.0,17.7
EC_0179-5474-04-04-PSJ-F-04-A.wav,1.1457957210077439,97,12625,0,158700,2964,8.6,36.1,6.4,8.3,14.850000000000001
EC_0179-5474-04-04-PSJ-F-04-A.wav,2.172163734998321,0,12624,0,2654,1144,30.1,1.0,1.0,11.7,10.95
EC_0179-5475-04-04-PSJ-F-04-A.wav,0.06368029399891384,99,12624,0,94593,1248,17.4,20.7,12.8,15.9,16.7
EC_0179-5475-04-04-PSJ-F-04-A.wav,1.142809254990425,98,12624,0,215110,4130,7.5,36.1,8.3,6.5,14.600000000000001
EC_0179-5475-04-04-PSJ-F-04-A.wav,2.1713172249728814,98,12624,0,2675,1164,20.8,22.4,2.0,27.5,18.175
EC_0179-5475-04-04-PSJ-F-04-A.wav,3.195515808998607,0,12624,0,0,0,2.0,47.3,1.9,47.4,24.65
EC_0179-5476-04-04-PSJ-F-04-A.wav,0.06233007600530982,99,12625,0,86199,1040,13.7,22.0,6.8,17.8,15.075
EC_0179-5476-04-04-PSJ-F-04-A.wav,1.13122894600383,98,12625,0,278412,4025,36.2,5.6,37.4,7.5,21.675
EC_0179-5477-04-04-PSJ-F-04-A.wav,0.07547901500947773,99,12624,0,147601,1976,18.5,21.4,9.8,20.9,17.65
EC_0179-5477-04-04-PSJ-F-04-A.wav,1.150543755007675,90,12625,0,167928,2502,13.0,11.2,12.0,38.5,18.675
EC_0179-5477-04-04-PSJ-F-04-A.wav,2.1769563790003303,88,12625,0,442,446,8.8,5.8,1.0,27.5,10.775
EC_0179-5477-04-04-PSJ-F-04-A.wav,3.2039459940278903,0,12625,0,3611,4230,1.0,2.0,1.9,19.4,6.074999999999999
EC_0179-5478-04-04-PSJ-F-04-A.wav,0.06262567598605528,99,12625,0,59563,936,14.9,20.4,13.0,16.3,16.15
EC_0179-5478-04-04-PSJ-F-04-A.wav,1.133449513989035,95,12625,0,252804,4022,33.0,37.7,10.0,4.7,21.35
EC_0179-5479-04-04-PSJ-F-04-A.wav,0.07669319299748167,99,12625,0,114157,1612,18.7,14.1,9.7,21.8,16.075
EC_0179-5479-04-04-PSJ-F-04-A.wav,1.1468653790070675,95,12625,0,204037,3340,11.1,26.2,4.8,36.4,19.625
EC_0179-5480-04-04-PSJ-F-04-A.wav,0.0679433410114143,99,12625,0,33191,572,16.3,25.5,6.7,32.5,20.25
EC_0179-5480-04-04-PSJ-F-04-A.wav,1.1415656990138814,98,12625,0,273616,4487,13.9,33.6,13.1,14.2,18.7
EC_0179-5480-04-04-PSJ-F-04-A.wav,2.167849612014834,0,12625,0,42,46,8.9,23.8,9.7,30.0,18.1
EC_0179-5481-04-04-PSJ-F-04-A.wav,0.06608839199179783,99,12625,0,147601,1872,8.8,10.2,9.0,7.6,8.9
EC_0179-5481-04-04-PSJ-F-04-A.wav,1.1401975920016412,99,12625,0,144800,3848,8.5,33.6,9.3,6.6,14.500000000000002
EC_0179-5481-04-04-PSJ-F-04-A.wav,2.1642500879825093,0,12625,0,2669,1856,27.9,1.9,9.8,7.8,11.849999999999998
EC_0179-5482-04-04-PSJ-F-04-A.wav,0.06363120200694539,99,12624,0,86199,988,15.3,21.2,7.6,18.5,15.65
EC_0179-5482-04-04-PSJ-F-04-A.wav,1.1358386990032159,98,12624,0,154098,1820,9.4,7.5,35.5,5.5,14.475
EC_0179-5482-04-04-PSJ-F-04-A.wav,2.163495614018757,0,12624,0,2662,5414,11.7,21.6,10.8,2.0,11.524999999999999
EC_0179-5483-04-04-PSJ-F-04-A.wav,0.06233637998229824,99,12625,0,86199,936,15.3,19.2,11.2,18.1,15.950000000000001
EC_0179-5483-04-04-PSJ-F-04-A.wav,1.1299708919832483,0,12625,0,116296,6098,49.5,4.7,26.4,17.1,24.424999999999997
EC_0179-5484-04-04-PSJ-F-04-A.wav,0.06477414499386214,99,12626,0,93139,1820,16.8,16.0,13.2,13.6,14.9
EC_0179-5484-04-04-PSJ-F-04-A.wav,1.1401388689992018,99,12626,0,239780,5154,7.6,36.7,5.6,7.5,14.350000000000001
EC_0179-5484-04-04-PSJ-F-04-A.wav,2.16215384498355,98,12626,0,3966,4574,4.9,7.9,31.1,9.8,13.425
EC_0179-5484-04-04-PSJ-F-04-A.wav,3.191228884999873,0,12626,0,0,2712,0.0,14.4,0.0,1.9,4.075
EC_0179-5485-04-04-PSJ-F-04-A.wav,0.07773491297848523,99,12626,0,86057,1092,15.4,12.0,13.6,9.1,12.525
EC_0179-5485-04-04-PSJ-F-04-A.wav,1.15434274499421,99,12626,0,200650,4316,9.3,7.5,6.5,35.5,14.7
EC_0179-5485-04-04-PSJ-F-04-A.wav,2.1805389399814885,0,12626,0,2673,1167,3.9,3.9,8.7,33.0,12.375
EC_0179-5486-04-04-PSJ-F-04-A.wav,0.06436471501365304,99,12626,0,45617,936,8.4,11.4,10.7,14.5,11.25
EC_0179-5486-04-04-PSJ-F-04-A.wav,1.1358706370228902,98,12626,0,197408,2770,18.1,8.4,7.5,32.7,16.675
EC_0179-5486-04-04-PSJ-F-04-A.wav,2.164116063999245,0,12626,0,0,698,21.6,25.0,29.7,1.9,19.55
EC_0179-5487-04-04-PSJ-F-04-A.wav,0.0755145050061401,99,12625,0,197833,2288,10.2,11.6,10.0,21.1,13.225
EC_0179-5487-04-04-PSJ-F-04-A.wav,1.144868054019753,99,12625,0,137822,5848,9.5,8.4,35.8,24.5,19.549999999999997
EC_0179-5487-04-04-PSJ-F-04-A.wav,2.170678852009587,0,12625,0,0,1606,3.9,27.1,14.1,33.0,19.525
EC_0179-5488-04-04-PSJ-F-04-A.wav,0.06419337698025629,99,12626,0,165688,2080,10.5,15.2,14.1,21.0,15.2
EC_0179-5488-04-04-PSJ-F-04-A.wav,1.1368400649807882,99,12626,0,132605,3484,9.5,7.5,7.4,33.6,14.5
EC_0179-5488-04-04-PSJ-F-04-A.wav,2.1587793569779024,0,12626,0,3974,3616,3.9,10.9,9.7,25.7,12.55
EC_0179-5489-04-04-PSJ-F-04-A.wav,0.06198132099234499,99,12626,0,76483,1196,6.6,13.4,12.5,24.0,14.125
EC_0179-5489-04-04-PSJ-F-04-A.wav,1.130321503005689,95,12626,0,195381,4889,10.4,40.0,36.8,4.7,22.974999999999998
EC_0179-5490-04-04-PSJ-F-04-A.wav,0.06534566401387565,99,12626,0,86199,1040,9.7,19.1,12.2,16.1,14.275
EC_0179-5490-04-04-PSJ-F-04-A.wav,1.1392819260072429,97,12626,0,171532,3744,10.3,4.7,5.7,34.9,13.899999999999999
EC_0179-5490-04-04-PSJ-F-04-A.wav,2.1653525459987577,97,12626,0,2684,1877,11.7,23.3,11.9,0.0,11.725
EC_0179-5491-04-04-PSJ-F-04-A.wav,0.08361427200725302,98,12628,0,86057,1040,15.2,20.7,15.6,11.5,15.75
EC_0179-5491-04-04-PSJ-F-04-A.wav,1.164324151002802,98,12627,0,191705,4689,24.3,44.3,34.9,17.6,30.275
EC_0179-5491-04-04-PSJ-F-04-A.wav,2.187061374017503,98,12628,0,0,0,4.0,30.3,16.0,20.4,17.674999999999997
EC_0179-5492-04-04-PSJ-F-04-A.wav,0.07107829500455409,99,12629,0,93139,1352,14.0,17.5,11.9,18.1,15.375
EC_0179-5492-04-04-PSJ-F-04-A.wav,1.1384060060081538,99,12662,0,230787,6215,23.6,32.7,33.0,16.2,26.375000000000004
EC_0179-5493-04-04-PSJ-F-04-A.wav,0.06760300300084054,99,12665,0,86199,1248,17.8,23.4,21.9,22.0,21.275
EC_0179-5493-04-04-PSJ-F-04-A.wav,1.1415625300141983,98,12665,0,127900,3215,12.3,21.7,30.6,43.8,27.099999999999998
EC_0179-5494-04-04-PSJ-F-04-A.wav,0.06361456200829707,97,12665,0,94527,1404,13.4,21.4,25.0,27.5,21.825
EC_0179-5494-04-04-PSJ-F-04-A.wav,1.13668904901715,99,12666,0,209416,2912,19.8,7.5,33.6,13.1,18.5
EC_0179-5494-04-04-PSJ-F-04-A.wav,2.164475763012888,99,12666,0,2673,1219,30.8,8.9,1.0,21.6,15.575000000000001
EC_0179-5495-04-04-PSJ-F-04-A.wav,0.06411337299505249,99,12663,0,86199,1092,16.1,22.4,18.9,20.5,19.475
EC_0179-5495-04-04-PSJ-F-04-A.wav,1.1327524830121547,93,12663,0,168432,4635,10.4,7.5,68.2,18.9,26.25
EC_0179-5496-04-04-PSJ-F-04-A.wav,0.06984917301451787,98,12662,0,87587,1196,13.1,16.1,17.3,17.2,15.925
EC_0179-5496-04-04-PSJ-F-04-A.wav,1.1541237880010158,99,12662,0,259707,5950,44.9,13.1,30.5,8.3,24.2
EC_0179-5496-04-04-PSJ-F-04-A.wav,2.1802597240020987,99,12662,0,0,0,3.0,41.8,27.2,13.1,21.275
EC_0179-5497-04-04-PSJ-F-04-A.wav,0.07381274798535742,99,12662,0,166393,1148,13.6,17.4,32.2,16.0,19.8
EC_0179-5497-04-04-PSJ-F-04-A.wav,1.1497650549863465,99,12663,0,232286,4684,14.2,7.5,54.3,29.8,26.45
EC_0179-5498-04-04-PSJ-F-04-A.wav,0.06894726800965145,99,12662,0,132788,1924,10.2,8.9,32.9,22.8,18.7
EC_0179-5498-04-04-PSJ-F-04-A.wav,1.1442486279993318,98,12662,0,130769,1716,12.3,8.4,10.4,32.4,15.875
EC_0179-5498-04-04-PSJ-F-04-A.wav,2.1707727760076523,0,12662,0,2665,1208,3.0,12.1,12.5,11.7,9.825
EC_0179-5500-04-04-PSJ-F-04-A.wav,0.06292345200199634,99,12663,0,51301,884,13.3,16.8,26.8,18.5,18.85
EC_0179-5500-04-04-PSJ-F-04-A.wav,1.1432364120264538,98,12663,0,235274,2964,10.4,34.3,8.3,6.5,14.875
EC_0179-5500-04-04-PSJ-F-04-A.wav,2.166252914001234,97,12663,0,3977,3614,9.9,24.8,0.0,12.5,11.8
EC_0179-5500-04-04-PSJ-F-04-A.wav,3.192419923027046,0,12663,0,66,1056,2.0,0.0,1.0,14.6,4.4
